facility_group,risk_clean,code_era,violation_number,violation_title,n_failed_inspections
Restaurant,Risk 1 (High),pre_2018_code,34,"FLOORS: CONSTRUCTED PER CODE, CLEANED, GOOD REPAIR, COVING INSTALLED, DUST-LESS CLEANING METHODS USED",10264
Restaurant,Risk 1 (High),pre_2018_code,35,"WALLS, CEILINGS, ATTACHED EQUIPMENT CONSTRUCTED PER CODE: GOOD REPAIR, SURFACES CLEAN AND DUST-LESS CLEANING METHODS",9590
Restaurant,Risk 1 (High),pre_2018_code,33,"FOOD AND NON-FOOD CONTACT EQUIPMENT UTENSILS CLEAN, FREE OF ABRASIVE DETERGENTS",9578
Restaurant,Risk 1 (High),2018_code,55,"PHYSICAL FACILITIES INSTALLED, MAINTAINED & CLEAN",8720
Restaurant,Risk 1 (High),pre_2018_code,32,"FOOD AND NON-FOOD CONTACT SURFACES PROPERLY DESIGNED, CONSTRUCTED AND MAINTAINED",8703
Restaurant,Risk 1 (High),pre_2018_code,18,"NO EVIDENCE OF RODENT OR INSECT OUTER OPENINGS PROTECTED/RODENT PROOFED, A WRITTEN LOG SHALL BE MAINTAINED AVAILABLE TO THE INSPECTORS",8350
Restaurant,Risk 1 (High),pre_2018_code,38,VENTILATION: ROOMS AND EQUIPMENT VENTED AS REQUIRED: PLUMBING: INSTALLED AND MAINTAINED,8014
Restaurant,Risk 1 (High),2018_code,38,"INSECTS, RODENTS, & ANIMALS NOT PRESENT",6368
Restaurant,Risk 1 (High),2018_code,49,NON-FOOD/FOOD CONTACT SURFACES CLEAN,5536
Restaurant,Risk 1 (High),2018_code,47,"FOOD & NON-FOOD CONTACT SURFACES CLEANABLE, PROPERLY DESIGNED, CONSTRUCTED & USED",5288
Restaurant,Risk 1 (High),pre_2018_code,41,"PREMISES MAINTAINED FREE OF LITTER, UNNECESSARY ARTICLES, CLEANING EQUIPMENT PROPERLY STORED",5112
Restaurant,Risk 1 (High),2018_code,10,ADEQUATE HANDWASHING SINKS PROPERLY SUPPLIED AND ACCESSIBLE,5034
Restaurant,Risk 1 (High),2018_code,58,ALLERGEN TRAINING AS REQUIRED,4877
Restaurant,Risk 1 (High),2018_code,51,PLUMBING INSTALLED; PROPER BACKFLOW DEVICES,4369
Restaurant,Risk 1 (High),pre_2018_code,36,"LIGHTING: REQUIRED MINIMUM FOOT-CANDLES OF LIGHT PROVIDED, FIXTURES SHIELDED",4202
Restaurant,Risk 1 (High),2018_code,56,ADEQUATE VENTILATION & LIGHTING; DESIGNATED AREAS USED,3885
Restaurant,Risk 1 (High),pre_2018_code,29,PREVIOUS MINOR VIOLATION(S) CORRECTED 7-42-090,3772
Restaurant,Risk 1 (High),2018_code,3,"MANAGEMENT, FOOD EMPLOYEE AND CONDITIONAL EMPLOYEE; KNOWLEDGE, RESPONSIBILITIES AND REPORTING",3671
Restaurant,Risk 1 (High),2018_code,5,PROCEDURES FOR RESPONDING TO VOMITING AND DIARRHEAL EVENTS,3309
Restaurant,Risk 1 (High),2018_code,57,ALL FOOD EMPLOYEES HAVE FOOD HANDLER TRAINING,3292
Restaurant,Risk 1 (High),2018_code,60,PREVIOUS CORE VIOLATION CORRECTED,3231
Restaurant,Risk 1 (High),pre_2018_code,30,"FOOD IN ORIGINAL CONTAINER, PROPERLY LABELED: CUSTOMER ADVISORY POSTED AS NEEDED",3164
Restaurant,Risk 1 (High),2018_code,37,FOOD PROPERLY LABELED; ORIGINAL CONTAINER,2887
Restaurant,Risk 1 (High),2018_code,48,"WAREWASHING FACILITIES: INSTALLED, MAINTAINED & USED; TEST STRIPS",2767
Restaurant,Risk 1 (High),2018_code,16,FOOD-CONTACT SURFACES: CLEANED & SANITIZED,2732
Restaurant,Risk 1 (High),pre_2018_code,3,"POTENTIALLY HAZARDOUS FOOD MEETS TEMPERATURE REQUIREMENT DURING STORAGE, PREPARATION DISPLAY AND SERVICE",2623
Restaurant,Risk 1 (High),pre_2018_code,40,REFRIGERATION AND METAL STEM THERMOMETERS PROVIDED AND CONSPICUOUS,2618
Restaurant,Risk 1 (High),2018_code,53,"TOILET FACILITIES: PROPERLY CONSTRUCTED, SUPPLIED, & CLEANED",2566
Restaurant,Risk 1 (High),2018_code,25,CONSUMER ADVISORY PROVIDED FOR RAW/UNDERCOOKED FOOD,2535
Restaurant,Risk 1 (High),pre_2018_code,16,"FOOD PROTECTED DURING STORAGE, PREPARATION, DISPLAY, SERVICE AND TRANSPORTATION",2529
Restaurant,Risk 1 (High),2018_code,2,CITY OF CHICAGO FOOD SERVICE SANITATION CERTIFICATE,2484
Restaurant,Risk 1 (High),2018_code,39,"CONTAMINATION PREVENTED DURING FOOD PREPARATION, STORAGE & DISPLAY",2354
Restaurant,Risk 2 (Medium),pre_2018_code,34,"FLOORS: CONSTRUCTED PER CODE, CLEANED, GOOD REPAIR, COVING INSTALLED, DUST-LESS CLEANING METHODS USED",2102
Restaurant,Risk 1 (High),2018_code,36,THERMOMETERS PROVIDED & ACCURATE,2101
Restaurant,Risk 1 (High),pre_2018_code,31,CLEAN MULTI-USE UTENSILS AND SINGLE SERVICE ARTICLES PROPERLY STORED: NO REUSE OF SINGLE SERVICE ARTICLES,2044
Restaurant,Risk 1 (High),pre_2018_code,21,* CERTIFIED FOOD MANAGER ON SITE WHEN POTENTIALLY HAZARDOUS FOODS ARE PREPARED AND SERVED,2015
Restaurant,Risk 1 (High),pre_2018_code,2,FACILITIES TO MAINTAIN PROPER TEMPERATURE,1992
Restaurant,Risk 1 (High),2018_code,22,PROPER COLD HOLDING TEMPERATURES,1981
Restaurant,Risk 1 (High),pre_2018_code,19,"OUTSIDE GARBAGE WASTE GREASE AND STORAGE AREA; CLEAN, RODENT PROOF, ALL CONTAINERS COVERED",1916
Restaurant,Risk 2 (Medium),pre_2018_code,35,"WALLS, CEILINGS, ATTACHED EQUIPMENT CONSTRUCTED PER CODE: GOOD REPAIR, SURFACES CLEAN AND DUST-LESS CLEANING METHODS",1858
Restaurant,Risk 2 (Medium),pre_2018_code,18,"NO EVIDENCE OF RODENT OR INSECT OUTER OPENINGS PROTECTED/RODENT PROOFED, A WRITTEN LOG SHALL BE MAINTAINED AVAILABLE TO THE INSPECTORS",1850
Restaurant,Risk 1 (High),2018_code,41,WIPING CLOTHS: PROPERLY USED & STORED,1735
Restaurant,Risk 1 (High),pre_2018_code,43,"FOOD (ICE) DISPENSING UTENSILS, WASH CLOTHS PROPERLY STORED",1728
Restaurant,Risk 2 (Medium),pre_2018_code,33,"FOOD AND NON-FOOD CONTACT EQUIPMENT UTENSILS CLEAN, FREE OF ABRASIVE DETERGENTS",1725
Restaurant,Risk 1 (High),2018_code,23,PROPER DATE MARKING AND DISPOSITION,1652
Restaurant,Risk 1 (High),2018_code,54,GARBAGE & REFUSE PROPERLY DISPOSED; FACILITIES MAINTAINED,1640
Restaurant,Risk 2 (Medium),pre_2018_code,38,VENTILATION: ROOMS AND EQUIPMENT VENTED AS REQUIRED: PLUMBING: INSTALLED AND MAINTAINED,1597
Restaurant,Risk 1 (High),pre_2018_code,24,"DISH WASHING FACILITIES: PROPERLY DESIGNED, CONSTRUCTED, MAINTAINED, INSTALLED, LOCATED AND OPERATED",1558
Restaurant,Risk 1 (High),pre_2018_code,11,"ADEQUATE NUMBER, CONVENIENT, ACCESSIBLE, DESIGNED, AND MAINTAINED",1426
Restaurant,Risk 1 (High),2018_code,33,PROPER COOLING METHODS USED; ADEQUATE EQUIPMENT FOR TEMPERATURE CONTROL,1402
Restaurant,Risk 1 (High),pre_2018_code,45,FOOD HANDLER REQUIREMENTS MET,1390
Restaurant,Risk 2 (Medium),pre_2018_code,32,"FOOD AND NON-FOOD CONTACT SURFACES PROPERLY DESIGNED, CONSTRUCTED AND MAINTAINED",1382
Restaurant,Risk 2 (Medium),2018_code,55,"PHYSICAL FACILITIES INSTALLED, MAINTAINED & CLEAN",1295
Grocery Store,Risk 3 (Low),pre_2018_code,34,"FLOORS: CONSTRUCTED PER CODE, CLEANED, GOOD REPAIR, COVING INSTALLED, DUST-LESS CLEANING METHODS USED",1293
Grocery Store,Risk 2 (Medium),pre_2018_code,34,"FLOORS: CONSTRUCTED PER CODE, CLEANED, GOOD REPAIR, COVING INSTALLED, DUST-LESS CLEANING METHODS USED",1289
Restaurant,Risk 1 (High),2018_code,1,"PERSON IN CHARGE PRESENT, DEMONSTRATES KNOWLEDGE, AND PERFORMS DUTIES",1262
Grocery Store,Risk 3 (Low),pre_2018_code,18,"NO EVIDENCE OF RODENT OR INSECT OUTER OPENINGS PROTECTED/RODENT PROOFED, A WRITTEN LOG SHALL BE MAINTAINED AVAILABLE TO THE INSPECTORS",1215
Grocery Store,Risk 2 (Medium),pre_2018_code,35,"WALLS, CEILINGS, ATTACHED EQUIPMENT CONSTRUCTED PER CODE: GOOD REPAIR, SURFACES CLEAN AND DUST-LESS CLEANING METHODS",1203
School,Risk 1 (High),pre_2018_code,35,"WALLS, CEILINGS, ATTACHED EQUIPMENT CONSTRUCTED PER CODE: GOOD REPAIR, SURFACES CLEAN AND DUST-LESS CLEANING METHODS",1176
Grocery Store,Risk 3 (Low),pre_2018_code,35,"WALLS, CEILINGS, ATTACHED EQUIPMENT CONSTRUCTED PER CODE: GOOD REPAIR, SURFACES CLEAN AND DUST-LESS CLEANING METHODS",1175
Restaurant,Risk 1 (High),pre_2018_code,42,APPROPRIATE METHOD OF HANDLING OF FOOD (ICE) HAIR RESTRAINTS AND CLEAN APPAREL WORN,1168
School,Risk 1 (High),pre_2018_code,38,VENTILATION: ROOMS AND EQUIPMENT VENTED AS REQUIRED: PLUMBING: INSTALLED AND MAINTAINED,1153
School,Risk 1 (High),2018_code,10,ADEQUATE HANDWASHING SINKS PROPERLY SUPPLIED AND ACCESSIBLE,1147
School,Risk 1 (High),pre_2018_code,34,"FLOORS: CONSTRUCTED PER CODE, CLEANED, GOOD REPAIR, COVING INSTALLED, DUST-LESS CLEANING METHODS USED",1119
Grocery Store,Risk 2 (Medium),pre_2018_code,18,"NO EVIDENCE OF RODENT OR INSECT OUTER OPENINGS PROTECTED/RODENT PROOFED, A WRITTEN LOG SHALL BE MAINTAINED AVAILABLE TO THE INSPECTORS",1105
Restaurant,Risk 1 (High),pre_2018_code,37,TOILET ROOM DOORS SELF CLOSING: DRESSING ROOMS WITH LOCKERS PROVIDED: COMPLETE SEPARATION FROM LIVING/SLEEPING QUARTERS,1076
Restaurant,Risk 2 (Medium),pre_2018_code,41,"PREMISES MAINTAINED FREE OF LITTER, UNNECESSARY ARTICLES, CLEANING EQUIPMENT PROPERLY STORED",1048
Grocery Store,Risk 2 (Medium),pre_2018_code,33,"FOOD AND NON-FOOD CONTACT EQUIPMENT UTENSILS CLEAN, FREE OF ABRASIVE DETERGENTS",1047
Restaurant,Risk 2 (Medium),2018_code,38,"INSECTS, RODENTS, & ANIMALS NOT PRESENT",1046
Restaurant,Risk 1 (High),2018_code,40,PERSONAL CLEANLINESS,1038
Restaurant,Risk 1 (High),pre_2018_code,12,"HAND WASHING FACILITIES: WITH SOAP AND SANITARY HAND DRYING DEVICES, CONVENIENT AND ACCESSIBLE TO FOOD PREP AREA",1035
School,Risk 1 (High),pre_2018_code,18,"NO EVIDENCE OF RODENT OR INSECT OUTER OPENINGS PROTECTED/RODENT PROOFED, A WRITTEN LOG SHALL BE MAINTAINED AVAILABLE TO THE INSPECTORS",1024
School,Risk 1 (High),2018_code,55,"PHYSICAL FACILITIES INSTALLED, MAINTAINED & CLEAN",1005
Restaurant,Risk 1 (High),2018_code,44,"UTENSILS, EQUIPMENT & LINENS: PROPERLY STORED, DRIED, & HANDLED",995
Grocery Store,Risk 2 (Medium),pre_2018_code,38,VENTILATION: ROOMS AND EQUIPMENT VENTED AS REQUIRED: PLUMBING: INSTALLED AND MAINTAINED,973
Restaurant,Risk 1 (High),pre_2018_code,8,"SANITIZING RINSE FOR EQUIPMENT AND UTENSILS: CLEAN, PROPER TEMPERATURE, CONCENTRATION, EXPOSURE TIME",965
Grocery Store,Risk 3 (Low),pre_2018_code,41,"PREMISES MAINTAINED FREE OF LITTER, UNNECESSARY ARTICLES, CLEANING EQUIPMENT PROPERLY STORED",963
Grocery Store,Risk 2 (Medium),pre_2018_code,32,"FOOD AND NON-FOOD CONTACT SURFACES PROPERLY DESIGNED, CONSTRUCTED AND MAINTAINED",962
Grocery Store,Risk 2 (Medium),pre_2018_code,41,"PREMISES MAINTAINED FREE OF LITTER, UNNECESSARY ARTICLES, CLEANING EQUIPMENT PROPERLY STORED",955
Grocery Store,Risk 1 (High),pre_2018_code,34,"FLOORS: CONSTRUCTED PER CODE, CLEANED, GOOD REPAIR, COVING INSTALLED, DUST-LESS CLEANING METHODS USED",902
Grocery Store,Risk 3 (Low),pre_2018_code,38,VENTILATION: ROOMS AND EQUIPMENT VENTED AS REQUIRED: PLUMBING: INSTALLED AND MAINTAINED,894
Restaurant,Risk 1 (High),2018_code,43,IN-USE UTENSILS: PROPERLY STORED,889
Restaurant,Risk 2 (Medium),2018_code,10,ADEQUATE HANDWASHING SINKS PROPERLY SUPPLIED AND ACCESSIBLE,884
Grocery Store,Risk 3 (Low),pre_2018_code,33,"FOOD AND NON-FOOD CONTACT EQUIPMENT UTENSILS CLEAN, FREE OF ABRASIVE DETERGENTS",856
Restaurant,Risk 1 (High),2018_code,45,SINGLE-USE/SINGLE-SERVICE ARTICLES: PROPERLY STORED & USED,854
Restaurant,Risk 2 (Medium),pre_2018_code,36,"LIGHTING: REQUIRED MINIMUM FOOT-CANDLES OF LIGHT PROVIDED, FIXTURES SHIELDED",834
Grocery Store,Risk 1 (High),2018_code,55,"PHYSICAL FACILITIES INSTALLED, MAINTAINED & CLEAN",822
Grocery Store,Risk 1 (High),pre_2018_code,35,"WALLS, CEILINGS, ATTACHED EQUIPMENT CONSTRUCTED PER CODE: GOOD REPAIR, SURFACES CLEAN AND DUST-LESS CLEANING METHODS",818
Restaurant,Risk 2 (Medium),2018_code,3,"MANAGEMENT, FOOD EMPLOYEE AND CONDITIONAL EMPLOYEE; KNOWLEDGE, RESPONSIBILITIES AND REPORTING",814
Restaurant,Risk 1 (High),2018_code,59,PREVIOUS PRIORITY FOUNDATION VIOLATION CORRECTED,812
School,Risk 1 (High),2018_code,38,"INSECTS, RODENTS, & ANIMALS NOT PRESENT",798
Childcare / Daycare,Risk 1 (High),2018_code,55,"PHYSICAL FACILITIES INSTALLED, MAINTAINED & CLEAN",777
Childcare / Daycare,Risk 1 (High),pre_2018_code,35,"WALLS, CEILINGS, ATTACHED EQUIPMENT CONSTRUCTED PER CODE: GOOD REPAIR, SURFACES CLEAN AND DUST-LESS CLEANING METHODS",776
Grocery Store,Risk 1 (High),pre_2018_code,33,"FOOD AND NON-FOOD CONTACT EQUIPMENT UTENSILS CLEAN, FREE OF ABRASIVE DETERGENTS",759
Childcare / Daycare,Risk 1 (High),pre_2018_code,34,"FLOORS: CONSTRUCTED PER CODE, CLEANED, GOOD REPAIR, COVING INSTALLED, DUST-LESS CLEANING METHODS USED",750
Restaurant,Risk 2 (Medium),2018_code,5,PROCEDURES FOR RESPONDING TO VOMITING AND DIARRHEAL EVENTS,746
Grocery Store,Risk 1 (High),pre_2018_code,32,"FOOD AND NON-FOOD CONTACT SURFACES PROPERLY DESIGNED, CONSTRUCTED AND MAINTAINED",734
Childcare / Daycare,Risk 1 (High),pre_2018_code,18,"NO EVIDENCE OF RODENT OR INSECT OUTER OPENINGS PROTECTED/RODENT PROOFED, A WRITTEN LOG SHALL BE MAINTAINED AVAILABLE TO THE INSPECTORS",733
Grocery Store,Risk 1 (High),pre_2018_code,18,"NO EVIDENCE OF RODENT OR INSECT OUTER OPENINGS PROTECTED/RODENT PROOFED, A WRITTEN LOG SHALL BE MAINTAINED AVAILABLE TO THE INSPECTORS",732
School,Risk 1 (High),pre_2018_code,33,"FOOD AND NON-FOOD CONTACT EQUIPMENT UTENSILS CLEAN, FREE OF ABRASIVE DETERGENTS",722
School,Risk 1 (High),pre_2018_code,41,"PREMISES MAINTAINED FREE OF LITTER, UNNECESSARY ARTICLES, CLEANING EQUIPMENT PROPERLY STORED",716
Restaurant,Risk 2 (Medium),2018_code,49,NON-FOOD/FOOD CONTACT SURFACES CLEAN,710
Grocery Store,Risk 3 (Low),pre_2018_code,32,"FOOD AND NON-FOOD CONTACT SURFACES PROPERLY DESIGNED, CONSTRUCTED AND MAINTAINED",696
Restaurant,Risk 2 (Medium),pre_2018_code,21,* CERTIFIED FOOD MANAGER ON SITE WHEN POTENTIALLY HAZARDOUS FOODS ARE PREPARED AND SERVED,678
Grocery Store,Risk 1 (High),pre_2018_code,38,VENTILATION: ROOMS AND EQUIPMENT VENTED AS REQUIRED: PLUMBING: INSTALLED AND MAINTAINED,673
Childcare / Daycare,Risk 1 (High),pre_2018_code,38,VENTILATION: ROOMS AND EQUIPMENT VENTED AS REQUIRED: PLUMBING: INSTALLED AND MAINTAINED,671
School,Risk 1 (High),pre_2018_code,32,"FOOD AND NON-FOOD CONTACT SURFACES PROPERLY DESIGNED, CONSTRUCTED AND MAINTAINED",671
Restaurant,Risk 2 (Medium),2018_code,51,PLUMBING INSTALLED; PROPER BACKFLOW DEVICES,646
Restaurant,Risk 1 (High),2018_code,52,SEWAGE & WASTE WATER PROPERLY DISPOSED,634
Childcare / Daycare,Risk 1 (High),2018_code,38,"INSECTS, RODENTS, & ANIMALS NOT PRESENT",615
Restaurant,Risk 2 (Medium),2018_code,47,"FOOD & NON-FOOD CONTACT SURFACES CLEANABLE, PROPERLY DESIGNED, CONSTRUCTED & USED",613
Grocery Store,Risk 3 (Low),2018_code,55,"PHYSICAL FACILITIES INSTALLED, MAINTAINED & CLEAN",612
Restaurant,Risk 1 (High),pre_2018_code,6,"HANDS WASHED AND CLEANED, GOOD HYGIENIC PRACTICES; NO BARE HAND CONTACT WITH READY-TO-EAT FOODS.",606
Restaurant,Risk 2 (Medium),2018_code,57,ALL FOOD EMPLOYEES HAVE FOOD HANDLER TRAINING,602
Restaurant,Risk 2 (Medium),2018_code,2,CITY OF CHICAGO FOOD SERVICE SANITATION CERTIFICATE,597
School,Risk 1 (High),2018_code,51,PLUMBING INSTALLED; PROPER BACKFLOW DEVICES,595
Restaurant,Risk 2 (Medium),2018_code,48,"WAREWASHING FACILITIES: INSTALLED, MAINTAINED & USED; TEST STRIPS",592
Restaurant,Risk 1 (High),pre_2018_code,22,"DISH MACHINES: PROVIDED WITH ACCURATE THERMOMETERS, CHEMICAL TEST KITS AND SUITABLE GAUGE COCK",592
Grocery Store,Risk 1 (High),2018_code,38,"INSECTS, RODENTS, & ANIMALS NOT PRESENT",588
Grocery Store,Risk 2 (Medium),pre_2018_code,36,"LIGHTING: REQUIRED MINIMUM FOOT-CANDLES OF LIGHT PROVIDED, FIXTURES SHIELDED",585
Grocery Store,Risk 3 (Low),2018_code,38,"INSECTS, RODENTS, & ANIMALS NOT PRESENT",583
Childcare / Daycare,Risk 1 (High),pre_2018_code,41,"PREMISES MAINTAINED FREE OF LITTER, UNNECESSARY ARTICLES, CLEANING EQUIPMENT PROPERLY STORED",581
Grocery Store,Risk 2 (Medium),2018_code,55,"PHYSICAL FACILITIES INSTALLED, MAINTAINED & CLEAN",580
Grocery Store,Risk 3 (Low),2018_code,5,PROCEDURES FOR RESPONDING TO VOMITING AND DIARRHEAL EVENTS,579
Restaurant,Risk 2 (Medium),pre_2018_code,40,REFRIGERATION AND METAL STEM THERMOMETERS PROVIDED AND CONSPICUOUS,551
Restaurant,Risk 2 (Medium),2018_code,53,"TOILET FACILITIES: PROPERLY CONSTRUCTED, SUPPLIED, & CLEANED",545
Grocery Store,Risk 1 (High),2018_code,47,"FOOD & NON-FOOD CONTACT SURFACES CLEANABLE, PROPERLY DESIGNED, CONSTRUCTED & USED",545
Grocery Store,Risk 1 (High),2018_code,49,NON-FOOD/FOOD CONTACT SURFACES CLEAN,539
Restaurant,Risk 1 (High),pre_2018_code,9,"WATER SOURCE: SAFE, HOT & COLD UNDER CITY PRESSURE",538
Restaurant,Risk 2 (Medium),2018_code,36,THERMOMETERS PROVIDED & ACCURATE,533
Grocery Store,Risk 1 (High),pre_2018_code,41,"PREMISES MAINTAINED FREE OF LITTER, UNNECESSARY ARTICLES, CLEANING EQUIPMENT PROPERLY STORED",507
Restaurant,Risk 2 (Medium),pre_2018_code,19,"OUTSIDE GARBAGE WASTE GREASE AND STORAGE AREA; CLEAN, RODENT PROOF, ALL CONTAINERS COVERED",507
Restaurant,Risk 1 (High),2018_code,61,SUMMARY REPORT DISPLAYED AND VISIBLE TO THE PUBLIC,505
Childcare / Daycare,Risk 1 (High),pre_2018_code,33,"FOOD AND NON-FOOD CONTACT EQUIPMENT UTENSILS CLEAN, FREE OF ABRASIVE DETERGENTS",495
School,Risk 1 (High),2018_code,53,"TOILET FACILITIES: PROPERLY CONSTRUCTED, SUPPLIED, & CLEANED",495
School,Risk 1 (High),pre_2018_code,36,"LIGHTING: REQUIRED MINIMUM FOOT-CANDLES OF LIGHT PROVIDED, FIXTURES SHIELDED",493
Grocery Store,Risk 1 (High),pre_2018_code,36,"LIGHTING: REQUIRED MINIMUM FOOT-CANDLES OF LIGHT PROVIDED, FIXTURES SHIELDED",488
Grocery Store,Risk 2 (Medium),pre_2018_code,21,* CERTIFIED FOOD MANAGER ON SITE WHEN POTENTIALLY HAZARDOUS FOODS ARE PREPARED AND SERVED,486
Childcare / Daycare,Risk 1 (High),2018_code,10,ADEQUATE HANDWASHING SINKS PROPERLY SUPPLIED AND ACCESSIBLE,485
Restaurant,Risk 2 (Medium),2018_code,56,ADEQUATE VENTILATION & LIGHTING; DESIGNATED AREAS USED,484
Grocery Store,Risk 1 (High),2018_code,10,ADEQUATE HANDWASHING SINKS PROPERLY SUPPLIED AND ACCESSIBLE,474
Restaurant,Risk 2 (Medium),pre_2018_code,29,PREVIOUS MINOR VIOLATION(S) CORRECTED 7-42-090,465
Restaurant,Risk 1 (High),2018_code,21,PROPER HOT HOLDING TEMPERATURES,458
Grocery Store,Risk 2 (Medium),2018_code,38,"INSECTS, RODENTS, & ANIMALS NOT PRESENT",456
Restaurant,Risk 1 (High),2018_code,50,HOT & COLD WATER AVAILABLE; ADEQUATE PRESSURE,435
Restaurant,Risk 2 (Medium),pre_2018_code,16,"FOOD PROTECTED DURING STORAGE, PREPARATION, DISPLAY, SERVICE AND TRANSPORTATION",427
Restaurant,Risk 1 (High),pre_2018_code,14,"PREVIOUS SERIOUS VIOLATION CORRECTED, 7-42-090",426
Grocery Store,Risk 2 (Medium),2018_code,3,"MANAGEMENT, FOOD EMPLOYEE AND CONDITIONAL EMPLOYEE; KNOWLEDGE, RESPONSIBILITIES AND REPORTING",423
School,Risk 1 (High),pre_2018_code,26,"ADEQUATE NUMBER, CONVENIENT, ACCESSIBLE, PROPERLY DESIGNED AND INSTALLED",411
Restaurant,Risk 1 (High),pre_2018_code,26,"ADEQUATE NUMBER, CONVENIENT, ACCESSIBLE, PROPERLY DESIGNED AND INSTALLED",405
Childcare / Daycare,Risk 1 (High),pre_2018_code,32,"FOOD AND NON-FOOD CONTACT SURFACES PROPERLY DESIGNED, CONSTRUCTED AND MAINTAINED",394
Restaurant,Risk 1 (High),pre_2018_code,10,"SEWAGE AND WASTE WATER DISPOSAL, NO BACK SIPHONAGE, CROSS CONNECTION AND/OR BACK FLOW",390
Grocery Store,Risk 3 (Low),pre_2018_code,19,"OUTSIDE GARBAGE WASTE GREASE AND STORAGE AREA; CLEAN, RODENT PROOF, ALL CONTAINERS COVERED",389
Grocery Store,Risk 2 (Medium),2018_code,10,ADEQUATE HANDWASHING SINKS PROPERLY SUPPLIED AND ACCESSIBLE,388
Grocery Store,Risk 1 (High),2018_code,51,PLUMBING INSTALLED; PROPER BACKFLOW DEVICES,387
Restaurant,Risk 1 (High),pre_2018_code,28,* INSPECTION REPORT SUMMARY DISPLAYED AND VISIBLE TO ALL CUSTOMERS,386
Grocery Store,Risk 2 (Medium),2018_code,5,PROCEDURES FOR RESPONDING TO VOMITING AND DIARRHEAL EVENTS,378
Restaurant,Risk 2 (Medium),pre_2018_code,2,FACILITIES TO MAINTAIN PROPER TEMPERATURE,377
School,Risk 1 (High),2018_code,54,GARBAGE & REFUSE PROPERLY DISPOSED; FACILITIES MAINTAINED,371
Childcare / Daycare,Risk 1 (High),2018_code,51,PLUMBING INSTALLED; PROPER BACKFLOW DEVICES,369
Grocery Store,Risk 3 (Low),2018_code,10,ADEQUATE HANDWASHING SINKS PROPERLY SUPPLIED AND ACCESSIBLE,368
Restaurant,Risk 2 (Medium),2018_code,54,GARBAGE & REFUSE PROPERLY DISPOSED; FACILITIES MAINTAINED,363
Grocery Store,Risk 1 (High),2018_code,56,ADEQUATE VENTILATION & LIGHTING; DESIGNATED AREAS USED,360
Restaurant,Risk 2 (Medium),pre_2018_code,24,"DISH WASHING FACILITIES: PROPERLY DESIGNED, CONSTRUCTED, MAINTAINED, INSTALLED, LOCATED AND OPERATED",357
School,Risk 1 (High),2018_code,56,ADEQUATE VENTILATION & LIGHTING; DESIGNATED AREAS USED,357
Grocery Store,Risk 3 (Low),pre_2018_code,37,TOILET ROOM DOORS SELF CLOSING: DRESSING ROOMS WITH LOCKERS PROVIDED: COMPLETE SEPARATION FROM LIVING/SLEEPING QUARTERS,356
School,Risk 1 (High),2018_code,47,"FOOD & NON-FOOD CONTACT SURFACES CLEANABLE, PROPERLY DESIGNED, CONSTRUCTED & USED",356
Childcare / Daycare,Risk 1 (High),pre_2018_code,21,* CERTIFIED FOOD MANAGER ON SITE WHEN POTENTIALLY HAZARDOUS FOODS ARE PREPARED AND SERVED,353
Grocery Store,Risk 2 (Medium),pre_2018_code,40,REFRIGERATION AND METAL STEM THERMOMETERS PROVIDED AND CONSPICUOUS,344
Restaurant,Risk 2 (Medium),pre_2018_code,11,"ADEQUATE NUMBER, CONVENIENT, ACCESSIBLE, DESIGNED, AND MAINTAINED",343
School,Risk 1 (High),pre_2018_code,29,PREVIOUS MINOR VIOLATION(S) CORRECTED 7-42-090,336
Childcare / Daycare,Risk 1 (High),2018_code,2,CITY OF CHICAGO FOOD SERVICE SANITATION CERTIFICATE,335
Restaurant,Risk 2 (Medium),2018_code,1,"PERSON IN CHARGE PRESENT, DEMONSTRATES KNOWLEDGE, AND PERFORMS DUTIES",330
Grocery Store,Risk 2 (Medium),2018_code,49,NON-FOOD/FOOD CONTACT SURFACES CLEAN,329
Grocery Store,Risk 3 (Low),pre_2018_code,36,"LIGHTING: REQUIRED MINIMUM FOOT-CANDLES OF LIGHT PROVIDED, FIXTURES SHIELDED",318
Restaurant,Risk 2 (Medium),2018_code,16,FOOD-CONTACT SURFACES: CLEANED & SANITIZED,316
Grocery Store,Risk 2 (Medium),2018_code,47,"FOOD & NON-FOOD CONTACT SURFACES CLEANABLE, PROPERLY DESIGNED, CONSTRUCTED & USED",314
Restaurant,Risk 2 (Medium),pre_2018_code,37,TOILET ROOM DOORS SELF CLOSING: DRESSING ROOMS WITH LOCKERS PROVIDED: COMPLETE SEPARATION FROM LIVING/SLEEPING QUARTERS,313
Restaurant,Risk 1 (High),pre_2018_code,13,"NO EVIDENCE OF RODENT OR INSECT INFESTATION, NO BIRDS, TURTLES OR OTHER ANIMALS",309
Restaurant,Risk 2 (Medium),2018_code,39,"CONTAMINATION PREVENTED DURING FOOD PREPARATION, STORAGE & DISPLAY",307
Grocery Store,Risk 2 (Medium),2018_code,57,ALL FOOD EMPLOYEES HAVE FOOD HANDLER TRAINING,305
Grocery Store,Risk 3 (Low),pre_2018_code,40,REFRIGERATION AND METAL STEM THERMOMETERS PROVIDED AND CONSPICUOUS,303
Childcare / Daycare,Risk 1 (High),2018_code,56,ADEQUATE VENTILATION & LIGHTING; DESIGNATED AREAS USED,302
Restaurant,Risk 2 (Medium),2018_code,37,FOOD PROPERLY LABELED; ORIGINAL CONTAINER,301
Grocery Store,Risk 2 (Medium),2018_code,48,"WAREWASHING FACILITIES: INSTALLED, MAINTAINED & USED; TEST STRIPS",299
School,Risk 1 (High),2018_code,49,NON-FOOD/FOOD CONTACT SURFACES CLEAN,297
Grocery Store,Risk 3 (Low),2018_code,49,NON-FOOD/FOOD CONTACT SURFACES CLEAN,295
Grocery Store,Risk 3 (Low),2018_code,53,"TOILET FACILITIES: PROPERLY CONSTRUCTED, SUPPLIED, & CLEANED",295
Childcare / Daycare,Risk 1 (High),2018_code,48,"WAREWASHING FACILITIES: INSTALLED, MAINTAINED & USED; TEST STRIPS",292
Childcare / Daycare,Risk 1 (High),2018_code,5,PROCEDURES FOR RESPONDING TO VOMITING AND DIARRHEAL EVENTS,290
Restaurant,Risk 1 (High),2018_code,35,APPROVED THAWING METHODS USED,290
Restaurant,Risk 2 (Medium),2018_code,60,PREVIOUS CORE VIOLATION CORRECTED,288
Restaurant,Risk 1 (High),2018_code,8,HANDS CLEAN & PROPERLY WASHED,286
Grocery Store,Risk 1 (High),2018_code,3,"MANAGEMENT, FOOD EMPLOYEE AND CONDITIONAL EMPLOYEE; KNOWLEDGE, RESPONSIBILITIES AND REPORTING",284
School,Risk 1 (High),pre_2018_code,19,"OUTSIDE GARBAGE WASTE GREASE AND STORAGE AREA; CLEAN, RODENT PROOF, ALL CONTAINERS COVERED",283
Grocery Store,Risk 3 (Low),pre_2018_code,2,FACILITIES TO MAINTAIN PROPER TEMPERATURE,280
Grocery Store,Risk 1 (High),2018_code,48,"WAREWASHING FACILITIES: INSTALLED, MAINTAINED & USED; TEST STRIPS",277
Grocery Store,Risk 3 (Low),2018_code,51,PLUMBING INSTALLED; PROPER BACKFLOW DEVICES,277
Grocery Store,Risk 2 (Medium),2018_code,51,PLUMBING INSTALLED; PROPER BACKFLOW DEVICES,277
Long Term Care / Health,Risk 1 (High),2018_code,55,"PHYSICAL FACILITIES INSTALLED, MAINTAINED & CLEAN",276
Grocery Store,Risk 1 (High),2018_code,5,PROCEDURES FOR RESPONDING TO VOMITING AND DIARRHEAL EVENTS,274
Grocery Store,Risk 2 (Medium),2018_code,36,THERMOMETERS PROVIDED & ACCURATE,273
Grocery Store,Risk 2 (Medium),2018_code,2,CITY OF CHICAGO FOOD SERVICE SANITATION CERTIFICATE,271
Grocery Store,Risk 1 (High),2018_code,36,THERMOMETERS PROVIDED & ACCURATE,269
Grocery Store,Risk 1 (High),2018_code,37,FOOD PROPERLY LABELED; ORIGINAL CONTAINER,267
Restaurant,Risk 1 (High),2018_code,29,COMPLIANCE WITH VARIANCE/SPECIALIZED PROCESS/HACCP,267
Restaurant,Risk 2 (Medium),pre_2018_code,30,"FOOD IN ORIGINAL CONTAINER, PROPERLY LABELED: CUSTOMER ADVISORY POSTED AS NEEDED",266
Grocery Store,Risk 1 (High),pre_2018_code,3,"POTENTIALLY HAZARDOUS FOOD MEETS TEMPERATURE REQUIREMENT DURING STORAGE, PREPARATION DISPLAY AND SERVICE",264
Childcare / Daycare,Risk 1 (High),2018_code,3,"MANAGEMENT, FOOD EMPLOYEE AND CONDITIONAL EMPLOYEE; KNOWLEDGE, RESPONSIBILITIES AND REPORTING",263
Grocery Store,Risk 2 (Medium),pre_2018_code,29,PREVIOUS MINOR VIOLATION(S) CORRECTED 7-42-090,257
Grocery Store,Risk 1 (High),pre_2018_code,40,REFRIGERATION AND METAL STEM THERMOMETERS PROVIDED AND CONSPICUOUS,256
Grocery Store,Risk 2 (Medium),pre_2018_code,24,"DISH WASHING FACILITIES: PROPERLY DESIGNED, CONSTRUCTED, MAINTAINED, INSTALLED, LOCATED AND OPERATED",255
Grocery Store,Risk 1 (High),2018_code,53,"TOILET FACILITIES: PROPERLY CONSTRUCTED, SUPPLIED, & CLEANED",253
Grocery Store,Risk 2 (Medium),pre_2018_code,19,"OUTSIDE GARBAGE WASTE GREASE AND STORAGE AREA; CLEAN, RODENT PROOF, ALL CONTAINERS COVERED",252
Restaurant,Risk 1 (High),2018_code,14,"REQUIRED RECORDS AVAILABLE: SHELLSTOCK TAGS, PARASITE DESTRUCTION",250
Childcare / Daycare,Risk 1 (High),2018_code,49,NON-FOOD/FOOD CONTACT SURFACES CLEAN,249
Childcare / Daycare,Risk 1 (High),pre_2018_code,36,"LIGHTING: REQUIRED MINIMUM FOOT-CANDLES OF LIGHT PROVIDED, FIXTURES SHIELDED",249
Grocery Store,Risk 2 (Medium),pre_2018_code,37,TOILET ROOM DOORS SELF CLOSING: DRESSING ROOMS WITH LOCKERS PROVIDED: COMPLETE SEPARATION FROM LIVING/SLEEPING QUARTERS,248
Restaurant,Risk 2 (Medium),pre_2018_code,3,"POTENTIALLY HAZARDOUS FOOD MEETS TEMPERATURE REQUIREMENT DURING STORAGE, PREPARATION DISPLAY AND SERVICE",247
Restaurant,Risk 2 (Medium),pre_2018_code,45,FOOD HANDLER REQUIREMENTS MET,247
Grocery Store,Risk 1 (High),pre_2018_code,29,PREVIOUS MINOR VIOLATION(S) CORRECTED 7-42-090,246
Grocery Store,Risk 1 (High),2018_code,57,ALL FOOD EMPLOYEES HAVE FOOD HANDLER TRAINING,246
Grocery Store,Risk 3 (Low),2018_code,36,THERMOMETERS PROVIDED & ACCURATE,243
Grocery Store,Risk 1 (High),pre_2018_code,30,"FOOD IN ORIGINAL CONTAINER, PROPERLY LABELED: CUSTOMER ADVISORY POSTED AS NEEDED",239
Bar / Tavern / Liquor,Risk 3 (Low),pre_2018_code,18,"NO EVIDENCE OF RODENT OR INSECT OUTER OPENINGS PROTECTED/RODENT PROOFED, A WRITTEN LOG SHALL BE MAINTAINED AVAILABLE TO THE INSPECTORS",237
School,Risk 1 (High),2018_code,59,PREVIOUS PRIORITY FOUNDATION VIOLATION CORRECTED,236
Grocery Store,Risk 2 (Medium),pre_2018_code,2,FACILITIES TO MAINTAIN PROPER TEMPERATURE,233
Restaurant,Risk 1 (High),2018_code,9,NO BARE HAND CONTACT WITH RTE FOOD OR A PRE-APPROVED ALTERNATIVE PROCEDURE PROPERLY ALLOWED,231
Restaurant,Risk 1 (High),2018_code,15,FOOD SEPARATED AND PROTECTED,229
School,Risk 1 (High),2018_code,60,PREVIOUS CORE VIOLATION CORRECTED,228
Grocery Store,Risk 1 (High),2018_code,60,PREVIOUS CORE VIOLATION CORRECTED,228
Restaurant,Risk 2 (Medium),pre_2018_code,42,APPROPRIATE METHOD OF HANDLING OF FOOD (ICE) HAIR RESTRAINTS AND CLEAN APPAREL WORN,227
Childcare / Daycare,Risk 1 (High),2018_code,53,"TOILET FACILITIES: PROPERLY CONSTRUCTED, SUPPLIED, & CLEANED",225
Restaurant,Risk 2 (Medium),2018_code,40,PERSONAL CLEANLINESS,224
Long Term Care / Health,Risk 1 (High),pre_2018_code,34,"FLOORS: CONSTRUCTED PER CODE, CLEANED, GOOD REPAIR, COVING INSTALLED, DUST-LESS CLEANING METHODS USED",222
Grocery Store,Risk 1 (High),2018_code,39,"CONTAMINATION PREVENTED DURING FOOD PREPARATION, STORAGE & DISPLAY",221
Grocery Store,Risk 2 (Medium),2018_code,53,"TOILET FACILITIES: PROPERLY CONSTRUCTED, SUPPLIED, & CLEANED",220
Childcare / Daycare,Risk 1 (High),2018_code,47,"FOOD & NON-FOOD CONTACT SURFACES CLEANABLE, PROPERLY DESIGNED, CONSTRUCTED & USED",219
Grocery Store,Risk 2 (Medium),pre_2018_code,11,"ADEQUATE NUMBER, CONVENIENT, ACCESSIBLE, DESIGNED, AND MAINTAINED",216
Grocery Store,Risk 3 (Low),2018_code,54,GARBAGE & REFUSE PROPERLY DISPOSED; FACILITIES MAINTAINED,214
Long Term Care / Health,Risk 1 (High),2018_code,38,"INSECTS, RODENTS, & ANIMALS NOT PRESENT",212
Grocery Store,Risk 3 (Low),2018_code,47,"FOOD & NON-FOOD CONTACT SURFACES CLEANABLE, PROPERLY DESIGNED, CONSTRUCTED & USED",210
Grocery Store,Risk 2 (Medium),2018_code,56,ADEQUATE VENTILATION & LIGHTING; DESIGNATED AREAS USED,209
Restaurant,Risk 2 (Medium),pre_2018_code,12,"HAND WASHING FACILITIES: WITH SOAP AND SANITARY HAND DRYING DEVICES, CONVENIENT AND ACCESSIBLE TO FOOD PREP AREA",209
Long Term Care / Health,Risk 1 (High),pre_2018_code,35,"WALLS, CEILINGS, ATTACHED EQUIPMENT CONSTRUCTED PER CODE: GOOD REPAIR, SURFACES CLEAN AND DUST-LESS CLEANING METHODS",206
Childcare / Daycare,Risk 1 (High),pre_2018_code,40,REFRIGERATION AND METAL STEM THERMOMETERS PROVIDED AND CONSPICUOUS,204
Restaurant,Risk 2 (Medium),pre_2018_code,43,"FOOD (ICE) DISPENSING UTENSILS, WASH CLOTHS PROPERLY STORED",203
Childcare / Daycare,Risk 1 (High),2018_code,36,THERMOMETERS PROVIDED & ACCURATE,199
Restaurant,Risk 1 (High),2018_code,64,MISCELLANEOUS / PUBLIC HEALTH ORDERS,197
Restaurant,Risk 2 (Medium),2018_code,33,PROPER COOLING METHODS USED; ADEQUATE EQUIPMENT FOR TEMPERATURE CONTROL,196
Long Term Care / Health,Risk 1 (High),pre_2018_code,33,"FOOD AND NON-FOOD CONTACT EQUIPMENT UTENSILS CLEAN, FREE OF ABRASIVE DETERGENTS",196
Bakery,Risk 2 (Medium),pre_2018_code,34,"FLOORS: CONSTRUCTED PER CODE, CLEANED, GOOD REPAIR, COVING INSTALLED, DUST-LESS CLEANING METHODS USED",194
Restaurant,Risk 2 (Medium),pre_2018_code,31,CLEAN MULTI-USE UTENSILS AND SINGLE SERVICE ARTICLES PROPERLY STORED: NO REUSE OF SINGLE SERVICE ARTICLES,194
School,Risk 1 (High),2018_code,5,PROCEDURES FOR RESPONDING TO VOMITING AND DIARRHEAL EVENTS,192
Restaurant,Risk 1 (High),pre_2018_code,1,"SOURCE SOUND CONDITION, NO SPOILAGE, FOODS PROPERLY LABELED, SHELLFISH TAGS IN PLACE",188
Bakery,Risk 2 (Medium),pre_2018_code,35,"WALLS, CEILINGS, ATTACHED EQUIPMENT CONSTRUCTED PER CODE: GOOD REPAIR, SURFACES CLEAN AND DUST-LESS CLEANING METHODS",187
Long Term Care / Health,Risk 1 (High),2018_code,51,PLUMBING INSTALLED; PROPER BACKFLOW DEVICES,185
Bakery,Risk 2 (Medium),pre_2018_code,18,"NO EVIDENCE OF RODENT OR INSECT OUTER OPENINGS PROTECTED/RODENT PROOFED, A WRITTEN LOG SHALL BE MAINTAINED AVAILABLE TO THE INSPECTORS",184
Grocery Store,Risk 1 (High),2018_code,2,CITY OF CHICAGO FOOD SERVICE SANITATION CERTIFICATE,184
Grocery Store,Risk 3 (Low),2018_code,3,"MANAGEMENT, FOOD EMPLOYEE AND CONDITIONAL EMPLOYEE; KNOWLEDGE, RESPONSIBILITIES AND REPORTING",183
Bar / Tavern / Liquor,Risk 3 (Low),pre_2018_code,34,"FLOORS: CONSTRUCTED PER CODE, CLEANED, GOOD REPAIR, COVING INSTALLED, DUST-LESS CLEANING METHODS USED",180
Restaurant,Risk 1 (High),pre_2018_code,4,"SOURCE OF CROSS CONTAMINATION CONTROLLED I.E. CUTTING BOARDS, FOOD HANDLERS, UTENSILS, ETC",178
Grocery Store,Risk 1 (High),pre_2018_code,16,"FOOD PROTECTED DURING STORAGE, PREPARATION, DISPLAY, SERVICE AND TRANSPORTATION",177
Long Term Care / Health,Risk 1 (High),pre_2018_code,18,"NO EVIDENCE OF RODENT OR INSECT OUTER OPENINGS PROTECTED/RODENT PROOFED, A WRITTEN LOG SHALL BE MAINTAINED AVAILABLE TO THE INSPECTORS",173
Restaurant,Risk 2 (Medium),2018_code,22,PROPER COLD HOLDING TEMPERATURES,172
Restaurant,Risk 1 (High),pre_2018_code,70,NO SMOKING REGULATIONS,171
Grocery Store,Risk 3 (Low),2018_code,56,ADEQUATE VENTILATION & LIGHTING; DESIGNATED AREAS USED,171
Grocery Store,Risk 1 (High),2018_code,22,PROPER COLD HOLDING TEMPERATURES,170
Childcare / Daycare,Risk 1 (High),2018_code,1,"PERSON IN CHARGE PRESENT, DEMONSTRATES KNOWLEDGE, AND PERFORMS DUTIES",170
Long Term Care / Health,Risk 1 (High),pre_2018_code,38,VENTILATION: ROOMS AND EQUIPMENT VENTED AS REQUIRED: PLUMBING: INSTALLED AND MAINTAINED,170
Bar / Tavern / Liquor,Risk 3 (Low),pre_2018_code,38,VENTILATION: ROOMS AND EQUIPMENT VENTED AS REQUIRED: PLUMBING: INSTALLED AND MAINTAINED,169
Long Term Care / Health,Risk 1 (High),2018_code,10,ADEQUATE HANDWASHING SINKS PROPERLY SUPPLIED AND ACCESSIBLE,168
Bakery,Risk 2 (Medium),pre_2018_code,33,"FOOD AND NON-FOOD CONTACT EQUIPMENT UTENSILS CLEAN, FREE OF ABRASIVE DETERGENTS",167
Childcare / Daycare,Risk 1 (High),2018_code,54,GARBAGE & REFUSE PROPERLY DISPOSED; FACILITIES MAINTAINED,166
Grocery Store,Risk 3 (Low),pre_2018_code,11,"ADEQUATE NUMBER, CONVENIENT, ACCESSIBLE, DESIGNED, AND MAINTAINED",166
Restaurant,Risk 1 (High),pre_2018_code,39,LINEN: CLEAN AND SOILED PROPERLY STORED,165
School,Risk 1 (High),pre_2018_code,14,"PREVIOUS SERIOUS VIOLATION CORRECTED, 7-42-090",164
Grocery Store,Risk 2 (Medium),pre_2018_code,3,"POTENTIALLY HAZARDOUS FOOD MEETS TEMPERATURE REQUIREMENT DURING STORAGE, PREPARATION DISPLAY AND SERVICE",163
Long Term Care / Health,Risk 1 (High),2018_code,49,NON-FOOD/FOOD CONTACT SURFACES CLEAN,162
Restaurant,Risk 2 (Medium),pre_2018_code,9,"WATER SOURCE: SAFE, HOT & COLD UNDER CITY PRESSURE",161
Restaurant,Risk 1 (High),2018_code,32,VARIANCE OBTAINED FOR SPECIALIZED PROCESSING METHODS,161
Grocery Store,Risk 2 (Medium),pre_2018_code,16,"FOOD PROTECTED DURING STORAGE, PREPARATION, DISPLAY, SERVICE AND TRANSPORTATION",160
Grocery Store,Risk 3 (Low),pre_2018_code,9,"WATER SOURCE: SAFE, HOT & COLD UNDER CITY PRESSURE",160
Grocery Store,Risk 1 (High),pre_2018_code,2,FACILITIES TO MAINTAIN PROPER TEMPERATURE,159
Restaurant,Risk 2 (Medium),2018_code,41,WIPING CLOTHS: PROPERLY USED & STORED,158
Grocery Store,Risk 1 (High),pre_2018_code,24,"DISH WASHING FACILITIES: PROPERLY DESIGNED, CONSTRUCTED, MAINTAINED, INSTALLED, LOCATED AND OPERATED",155
Long Term Care / Health,Risk 1 (High),pre_2018_code,32,"FOOD AND NON-FOOD CONTACT SURFACES PROPERLY DESIGNED, CONSTRUCTED AND MAINTAINED",155
Grocery Store,Risk 3 (Low),pre_2018_code,24,"DISH WASHING FACILITIES: PROPERLY DESIGNED, CONSTRUCTED, MAINTAINED, INSTALLED, LOCATED AND OPERATED",155
Grocery Store,Risk 2 (Medium),pre_2018_code,12,"HAND WASHING FACILITIES: WITH SOAP AND SANITARY HAND DRYING DEVICES, CONVENIENT AND ACCESSIBLE TO FOOD PREP AREA",155
School,Risk 1 (High),2018_code,2,CITY OF CHICAGO FOOD SERVICE SANITATION CERTIFICATE,153
Bakery,Risk 2 (Medium),pre_2018_code,38,VENTILATION: ROOMS AND EQUIPMENT VENTED AS REQUIRED: PLUMBING: INSTALLED AND MAINTAINED,151
Grocery Store,Risk 1 (High),2018_code,16,FOOD-CONTACT SURFACES: CLEANED & SANITIZED,151
Bar / Tavern / Liquor,Risk 3 (Low),pre_2018_code,35,"WALLS, CEILINGS, ATTACHED EQUIPMENT CONSTRUCTED PER CODE: GOOD REPAIR, SURFACES CLEAN AND DUST-LESS CLEANING METHODS",150
Childcare / Daycare,Risk 1 (High),pre_2018_code,24,"DISH WASHING FACILITIES: PROPERLY DESIGNED, CONSTRUCTED, MAINTAINED, INSTALLED, LOCATED AND OPERATED",150
Childcare / Daycare,Risk 1 (High),pre_2018_code,2,FACILITIES TO MAINTAIN PROPER TEMPERATURE,149
Grocery Store,Risk 3 (Low),2018_code,48,"WAREWASHING FACILITIES: INSTALLED, MAINTAINED & USED; TEST STRIPS",148
Restaurant,Risk 1 (High),2018_code,6,"PROPER EATING, TASTING, DRINKING, OR TOBACCO USE",148
School,Risk 1 (High),2018_code,48,"WAREWASHING FACILITIES: INSTALLED, MAINTAINED & USED; TEST STRIPS",147
Grocery Store,Risk 1 (High),2018_code,54,GARBAGE & REFUSE PROPERLY DISPOSED; FACILITIES MAINTAINED,145
Bakery,Risk 2 (Medium),pre_2018_code,32,"FOOD AND NON-FOOD CONTACT SURFACES PROPERLY DESIGNED, CONSTRUCTED AND MAINTAINED",143
Grocery Store,Risk 1 (High),2018_code,41,WIPING CLOTHS: PROPERLY USED & STORED,142
Restaurant,Risk 1 (High),2018_code,28,"TOXIC SUBSTANCES PROPERLY IDENTIFIED, STORED, & USED",142
Grocery Store,Risk 1 (High),pre_2018_code,11,"ADEQUATE NUMBER, CONVENIENT, ACCESSIBLE, DESIGNED, AND MAINTAINED",141
Childcare / Daycare,Risk 1 (High),pre_2018_code,19,"OUTSIDE GARBAGE WASTE GREASE AND STORAGE AREA; CLEAN, RODENT PROOF, ALL CONTAINERS COVERED",138
Bakery,Risk 1 (High),2018_code,55,"PHYSICAL FACILITIES INSTALLED, MAINTAINED & CLEAN",138
Grocery Store,Risk 2 (Medium),2018_code,1,"PERSON IN CHARGE PRESENT, DEMONSTRATES KNOWLEDGE, AND PERFORMS DUTIES",138
Childcare / Daycare,Risk 1 (High),pre_2018_code,37,TOILET ROOM DOORS SELF CLOSING: DRESSING ROOMS WITH LOCKERS PROVIDED: COMPLETE SEPARATION FROM LIVING/SLEEPING QUARTERS,138
Grocery Store,Risk 2 (Medium),2018_code,39,"CONTAMINATION PREVENTED DURING FOOD PREPARATION, STORAGE & DISPLAY",136
Bakery,Risk 1 (High),pre_2018_code,34,"FLOORS: CONSTRUCTED PER CODE, CLEANED, GOOD REPAIR, COVING INSTALLED, DUST-LESS CLEANING METHODS USED",135
Long Term Care / Health,Risk 1 (High),2018_code,47,"FOOD & NON-FOOD CONTACT SURFACES CLEANABLE, PROPERLY DESIGNED, CONSTRUCTED & USED",133
Restaurant,Risk 2 (Medium),pre_2018_code,22,"DISH MACHINES: PROVIDED WITH ACCURATE THERMOMETERS, CHEMICAL TEST KITS AND SUITABLE GAUGE COCK",132
Bakery,Risk 1 (High),pre_2018_code,35,"WALLS, CEILINGS, ATTACHED EQUIPMENT CONSTRUCTED PER CODE: GOOD REPAIR, SURFACES CLEAN AND DUST-LESS CLEANING METHODS",132
Restaurant,Risk 2 (Medium),2018_code,52,SEWAGE & WASTE WATER PROPERLY DISPOSED,132
Grocery Store,Risk 2 (Medium),pre_2018_code,30,"FOOD IN ORIGINAL CONTAINER, PROPERLY LABELED: CUSTOMER ADVISORY POSTED AS NEEDED",130
Grocery Store,Risk 1 (High),2018_code,23,PROPER DATE MARKING AND DISPOSITION,129
Bakery,Risk 1 (High),pre_2018_code,33,"FOOD AND NON-FOOD CONTACT EQUIPMENT UTENSILS CLEAN, FREE OF ABRASIVE DETERGENTS",127
Grocery Store,Risk 1 (High),2018_code,58,ALLERGEN TRAINING AS REQUIRED,126
Grocery Store,Risk 3 (Low),pre_2018_code,26,"ADEQUATE NUMBER, CONVENIENT, ACCESSIBLE, PROPERLY DESIGNED AND INSTALLED",125
Bakery,Risk 2 (Medium),2018_code,55,"PHYSICAL FACILITIES INSTALLED, MAINTAINED & CLEAN",121
Grocery Store,Risk 1 (High),pre_2018_code,31,CLEAN MULTI-USE UTENSILS AND SINGLE SERVICE ARTICLES PROPERLY STORED: NO REUSE OF SINGLE SERVICE ARTICLES,121
Catering / Banquet,Risk 1 (High),pre_2018_code,35,"WALLS, CEILINGS, ATTACHED EQUIPMENT CONSTRUCTED PER CODE: GOOD REPAIR, SURFACES CLEAN AND DUST-LESS CLEANING METHODS",121
Grocery Store,Risk 3 (Low),pre_2018_code,12,"HAND WASHING FACILITIES: WITH SOAP AND SANITARY HAND DRYING DEVICES, CONVENIENT AND ACCESSIBLE TO FOOD PREP AREA",120
Grocery Store,Risk 1 (High),pre_2018_code,21,* CERTIFIED FOOD MANAGER ON SITE WHEN POTENTIALLY HAZARDOUS FOODS ARE PREPARED AND SERVED,120
Grocery Store,Risk 1 (High),2018_code,1,"PERSON IN CHARGE PRESENT, DEMONSTRATES KNOWLEDGE, AND PERFORMS DUTIES",119
Grocery Store,Risk 1 (High),2018_code,33,PROPER COOLING METHODS USED; ADEQUATE EQUIPMENT FOR TEMPERATURE CONTROL,119
Long Term Care / Health,Risk 1 (High),2018_code,56,ADEQUATE VENTILATION & LIGHTING; DESIGNATED AREAS USED,118
Restaurant,Risk 2 (Medium),2018_code,50,HOT & COLD WATER AVAILABLE; ADEQUATE PRESSURE,117
Bar / Tavern / Liquor,Risk 3 (Low),pre_2018_code,33,"FOOD AND NON-FOOD CONTACT EQUIPMENT UTENSILS CLEAN, FREE OF ABRASIVE DETERGENTS",117
Bakery,Risk 1 (High),pre_2018_code,32,"FOOD AND NON-FOOD CONTACT SURFACES PROPERLY DESIGNED, CONSTRUCTED AND MAINTAINED",117
Childcare / Daycare,Risk 1 (High),2018_code,60,PREVIOUS CORE VIOLATION CORRECTED,116
Bar / Tavern / Liquor,Risk 3 (Low),pre_2018_code,41,"PREMISES MAINTAINED FREE OF LITTER, UNNECESSARY ARTICLES, CLEANING EQUIPMENT PROPERLY STORED",115
Bakery,Risk 2 (Medium),pre_2018_code,36,"LIGHTING: REQUIRED MINIMUM FOOT-CANDLES OF LIGHT PROVIDED, FIXTURES SHIELDED",115
Catering / Banquet,Risk 1 (High),pre_2018_code,34,"FLOORS: CONSTRUCTED PER CODE, CLEANED, GOOD REPAIR, COVING INSTALLED, DUST-LESS CLEANING METHODS USED",115
Bar / Tavern / Liquor,Risk 3 (Low),2018_code,5,PROCEDURES FOR RESPONDING TO VOMITING AND DIARRHEAL EVENTS,114
Restaurant,Risk 2 (Medium),2018_code,59,PREVIOUS PRIORITY FOUNDATION VIOLATION CORRECTED,113
Restaurant,Risk 3 (Low),pre_2018_code,38,VENTILATION: ROOMS AND EQUIPMENT VENTED AS REQUIRED: PLUMBING: INSTALLED AND MAINTAINED,112
Grocery Store,Risk 1 (High),pre_2018_code,19,"OUTSIDE GARBAGE WASTE GREASE AND STORAGE AREA; CLEAN, RODENT PROOF, ALL CONTAINERS COVERED",111
Bakery,Risk 1 (High),2018_code,38,"INSECTS, RODENTS, & ANIMALS NOT PRESENT",111
Bakery,Risk 2 (Medium),2018_code,38,"INSECTS, RODENTS, & ANIMALS NOT PRESENT",111
Bakery,Risk 1 (High),pre_2018_code,18,"NO EVIDENCE OF RODENT OR INSECT OUTER OPENINGS PROTECTED/RODENT PROOFED, A WRITTEN LOG SHALL BE MAINTAINED AVAILABLE TO THE INSPECTORS",111
Grocery Store,Risk 2 (Medium),2018_code,54,GARBAGE & REFUSE PROPERLY DISPOSED; FACILITIES MAINTAINED,110
Bar / Tavern / Liquor,Risk 3 (Low),pre_2018_code,32,"FOOD AND NON-FOOD CONTACT SURFACES PROPERLY DESIGNED, CONSTRUCTED AND MAINTAINED",109
Restaurant,Risk 2 (Medium),2018_code,45,SINGLE-USE/SINGLE-SERVICE ARTICLES: PROPERLY STORED & USED,108
Restaurant,Risk 2 (Medium),pre_2018_code,28,* INSPECTION REPORT SUMMARY DISPLAYED AND VISIBLE TO ALL CUSTOMERS,108
Bar / Tavern / Liquor,Risk 3 (Low),2018_code,38,"INSECTS, RODENTS, & ANIMALS NOT PRESENT",108
Bakery,Risk 2 (Medium),pre_2018_code,41,"PREMISES MAINTAINED FREE OF LITTER, UNNECESSARY ARTICLES, CLEANING EQUIPMENT PROPERLY STORED",106
Grocery Store,Risk 2 (Medium),pre_2018_code,31,CLEAN MULTI-USE UTENSILS AND SINGLE SERVICE ARTICLES PROPERLY STORED: NO REUSE OF SINGLE SERVICE ARTICLES,106
Restaurant,Risk 2 (Medium),pre_2018_code,26,"ADEQUATE NUMBER, CONVENIENT, ACCESSIBLE, PROPERLY DESIGNED AND INSTALLED",104
Childcare / Daycare,Risk 1 (High),pre_2018_code,29,PREVIOUS MINOR VIOLATION(S) CORRECTED 7-42-090,104
Childcare / Daycare,Risk 1 (High),pre_2018_code,11,"ADEQUATE NUMBER, CONVENIENT, ACCESSIBLE, DESIGNED, AND MAINTAINED",103
Long Term Care / Health,Risk 1 (High),pre_2018_code,36,"LIGHTING: REQUIRED MINIMUM FOOT-CANDLES OF LIGHT PROVIDED, FIXTURES SHIELDED",102
Restaurant,Risk 3 (Low),pre_2018_code,34,"FLOORS: CONSTRUCTED PER CODE, CLEANED, GOOD REPAIR, COVING INSTALLED, DUST-LESS CLEANING METHODS USED",102
School,Risk 1 (High),pre_2018_code,40,REFRIGERATION AND METAL STEM THERMOMETERS PROVIDED AND CONSPICUOUS,102
Grocery Store,Risk 2 (Medium),pre_2018_code,9,"WATER SOURCE: SAFE, HOT & COLD UNDER CITY PRESSURE",102
Restaurant,Risk 2 (Medium),pre_2018_code,8,"SANITIZING RINSE FOR EQUIPMENT AND UTENSILS: CLEAN, PROPER TEMPERATURE, CONCENTRATION, EXPOSURE TIME",101
Grocery Store,Risk 3 (Low),pre_2018_code,29,PREVIOUS MINOR VIOLATION(S) CORRECTED 7-42-090,101
Restaurant,Risk 2 (Medium),2018_code,61,SUMMARY REPORT DISPLAYED AND VISIBLE TO THE PUBLIC,100
Childcare / Daycare,Risk 1 (High),pre_2018_code,12,"HAND WASHING FACILITIES: WITH SOAP AND SANITARY HAND DRYING DEVICES, CONVENIENT AND ACCESSIBLE TO FOOD PREP AREA",100
Bakery,Risk 1 (High),2018_code,49,NON-FOOD/FOOD CONTACT SURFACES CLEAN,100
Restaurant,Risk 3 (Low),pre_2018_code,18,"NO EVIDENCE OF RODENT OR INSECT OUTER OPENINGS PROTECTED/RODENT PROOFED, A WRITTEN LOG SHALL BE MAINTAINED AVAILABLE TO THE INSPECTORS",100
Bakery,Risk 1 (High),pre_2018_code,38,VENTILATION: ROOMS AND EQUIPMENT VENTED AS REQUIRED: PLUMBING: INSTALLED AND MAINTAINED,100
School,Risk 1 (High),pre_2018_code,27,"TOILET ROOMS ENCLOSED CLEAN, PROVIDED WITH HAND CLEANSER, SANITARY HAND DRYING DEVICES AND PROPER WASTE RECEPTACLES",99
Long Term Care / Health,Risk 1 (High),2018_code,16,FOOD-CONTACT SURFACES: CLEANED & SANITIZED,99
Grocery Store,Risk 3 (Low),2018_code,33,PROPER COOLING METHODS USED; ADEQUATE EQUIPMENT FOR TEMPERATURE CONTROL,99
Grocery Store,Risk 2 (Medium),2018_code,33,PROPER COOLING METHODS USED; ADEQUATE EQUIPMENT FOR TEMPERATURE CONTROL,99
School,Risk 1 (High),pre_2018_code,3,"POTENTIALLY HAZARDOUS FOOD MEETS TEMPERATURE REQUIREMENT DURING STORAGE, PREPARATION DISPLAY AND SERVICE",99
School,Risk 1 (High),2018_code,39,"CONTAMINATION PREVENTED DURING FOOD PREPARATION, STORAGE & DISPLAY",98
School,Risk 1 (High),pre_2018_code,21,* CERTIFIED FOOD MANAGER ON SITE WHEN POTENTIALLY HAZARDOUS FOODS ARE PREPARED AND SERVED,98
Bakery,Risk 2 (Medium),2018_code,3,"MANAGEMENT, FOOD EMPLOYEE AND CONDITIONAL EMPLOYEE; KNOWLEDGE, RESPONSIBILITIES AND REPORTING",96
Grocery Store,Risk 2 (Medium),pre_2018_code,22,"DISH MACHINES: PROVIDED WITH ACCURATE THERMOMETERS, CHEMICAL TEST KITS AND SUITABLE GAUGE COCK",96
Restaurant,Risk 2 (Medium),2018_code,23,PROPER DATE MARKING AND DISPOSITION,96
Childcare / Daycare,Risk 1 (High),2018_code,50,HOT & COLD WATER AVAILABLE; ADEQUATE PRESSURE,95
Grocery Store,Risk 2 (Medium),2018_code,60,PREVIOUS CORE VIOLATION CORRECTED,95
Bakery,Risk 1 (High),2018_code,47,"FOOD & NON-FOOD CONTACT SURFACES CLEANABLE, PROPERLY DESIGNED, CONSTRUCTED & USED",95
School,Risk 1 (High),pre_2018_code,11,"ADEQUATE NUMBER, CONVENIENT, ACCESSIBLE, DESIGNED, AND MAINTAINED",94
Catering / Banquet,Risk 1 (High),pre_2018_code,18,"NO EVIDENCE OF RODENT OR INSECT OUTER OPENINGS PROTECTED/RODENT PROOFED, A WRITTEN LOG SHALL BE MAINTAINED AVAILABLE TO THE INSPECTORS",94
Bakery,Risk 2 (Medium),2018_code,5,PROCEDURES FOR RESPONDING TO VOMITING AND DIARRHEAL EVENTS,94
Grocery Store,Risk 1 (High),pre_2018_code,43,"FOOD (ICE) DISPENSING UTENSILS, WASH CLOTHS PROPERLY STORED",94
Restaurant,Risk 2 (Medium),2018_code,58,ALLERGEN TRAINING AS REQUIRED,93
Childcare / Daycare,Risk 1 (High),pre_2018_code,9,"WATER SOURCE: SAFE, HOT & COLD UNDER CITY PRESSURE",93
School,Risk 1 (High),pre_2018_code,24,"DISH WASHING FACILITIES: PROPERLY DESIGNED, CONSTRUCTED, MAINTAINED, INSTALLED, LOCATED AND OPERATED",92
Long Term Care / Health,Risk 1 (High),2018_code,3,"MANAGEMENT, FOOD EMPLOYEE AND CONDITIONAL EMPLOYEE; KNOWLEDGE, RESPONSIBILITIES AND REPORTING",92
Restaurant,Risk 2 (Medium),pre_2018_code,6,"HANDS WASHED AND CLEANED, GOOD HYGIENIC PRACTICES; NO BARE HAND CONTACT WITH READY-TO-EAT FOODS.",92
School,Risk 1 (High),2018_code,1,"PERSON IN CHARGE PRESENT, DEMONSTRATES KNOWLEDGE, AND PERFORMS DUTIES",92
Restaurant,Risk 1 (High),2018_code,46,GLOVES USED PROPERLY,92
School,Risk 1 (High),2018_code,50,HOT & COLD WATER AVAILABLE; ADEQUATE PRESSURE,91
Catering / Banquet,Risk 1 (High),pre_2018_code,38,VENTILATION: ROOMS AND EQUIPMENT VENTED AS REQUIRED: PLUMBING: INSTALLED AND MAINTAINED,91
Catering / Banquet,Risk 1 (High),pre_2018_code,33,"FOOD AND NON-FOOD CONTACT EQUIPMENT UTENSILS CLEAN, FREE OF ABRASIVE DETERGENTS",91
Bar / Tavern / Liquor,Risk 3 (Low),2018_code,55,"PHYSICAL FACILITIES INSTALLED, MAINTAINED & CLEAN",90
Grocery Store,Risk 2 (Medium),2018_code,37,FOOD PROPERLY LABELED; ORIGINAL CONTAINER,88
Childcare / Daycare,Risk 1 (High),2018_code,39,"CONTAMINATION PREVENTED DURING FOOD PREPARATION, STORAGE & DISPLAY",87
Restaurant,Risk 1 (High),pre_2018_code,44,ONLY AUTHORIZED PERSONNEL IN THE FOOD-PREP AREA,87
Grocery Store,Risk 3 (Low),2018_code,50,HOT & COLD WATER AVAILABLE; ADEQUATE PRESSURE,87
Childcare / Daycare,Risk 1 (High),2018_code,33,PROPER COOLING METHODS USED; ADEQUATE EQUIPMENT FOR TEMPERATURE CONTROL,86
Bar / Tavern / Liquor,Risk 3 (Low),2018_code,10,ADEQUATE HANDWASHING SINKS PROPERLY SUPPLIED AND ACCESSIBLE,86
Grocery Store,Risk 1 (High),pre_2018_code,37,TOILET ROOM DOORS SELF CLOSING: DRESSING ROOMS WITH LOCKERS PROVIDED: COMPLETE SEPARATION FROM LIVING/SLEEPING QUARTERS,85
Bakery,Risk 1 (High),pre_2018_code,41,"PREMISES MAINTAINED FREE OF LITTER, UNNECESSARY ARTICLES, CLEANING EQUIPMENT PROPERLY STORED",85
Grocery Store,Risk 3 (Low),pre_2018_code,21,* CERTIFIED FOOD MANAGER ON SITE WHEN POTENTIALLY HAZARDOUS FOODS ARE PREPARED AND SERVED,84
Bakery,Risk 1 (High),2018_code,10,ADEQUATE HANDWASHING SINKS PROPERLY SUPPLIED AND ACCESSIBLE,84
School,Risk 1 (High),2018_code,3,"MANAGEMENT, FOOD EMPLOYEE AND CONDITIONAL EMPLOYEE; KNOWLEDGE, RESPONSIBILITIES AND REPORTING",84
Restaurant,Risk 3 (Low),pre_2018_code,35,"WALLS, CEILINGS, ATTACHED EQUIPMENT CONSTRUCTED PER CODE: GOOD REPAIR, SURFACES CLEAN AND DUST-LESS CLEANING METHODS",83
Restaurant,Risk 3 (Low),pre_2018_code,32,"FOOD AND NON-FOOD CONTACT SURFACES PROPERLY DESIGNED, CONSTRUCTED AND MAINTAINED",81
Long Term Care / Health,Risk 1 (High),2018_code,53,"TOILET FACILITIES: PROPERLY CONSTRUCTED, SUPPLIED, & CLEANED",81
Bakery,Risk 1 (High),pre_2018_code,36,"LIGHTING: REQUIRED MINIMUM FOOT-CANDLES OF LIGHT PROVIDED, FIXTURES SHIELDED",80
Grocery Store,Risk 1 (High),pre_2018_code,12,"HAND WASHING FACILITIES: WITH SOAP AND SANITARY HAND DRYING DEVICES, CONVENIENT AND ACCESSIBLE TO FOOD PREP AREA",80
Bakery,Risk 2 (Medium),2018_code,10,ADEQUATE HANDWASHING SINKS PROPERLY SUPPLIED AND ACCESSIBLE,80
Childcare / Daycare,Risk 1 (High),pre_2018_code,26,"ADEQUATE NUMBER, CONVENIENT, ACCESSIBLE, PROPERLY DESIGNED AND INSTALLED",80
Grocery Store,Risk 3 (Low),2018_code,39,"CONTAMINATION PREVENTED DURING FOOD PREPARATION, STORAGE & DISPLAY",80
Grocery Store,Risk 1 (High),2018_code,52,SEWAGE & WASTE WATER PROPERLY DISPOSED,79
Grocery Store,Risk 2 (Medium),pre_2018_code,42,APPROPRIATE METHOD OF HANDLING OF FOOD (ICE) HAIR RESTRAINTS AND CLEAN APPAREL WORN,79
Catering / Banquet,Risk 1 (High),pre_2018_code,32,"FOOD AND NON-FOOD CONTACT SURFACES PROPERLY DESIGNED, CONSTRUCTED AND MAINTAINED",79
Grocery Store,Risk 1 (High),2018_code,44,"UTENSILS, EQUIPMENT & LINENS: PROPERLY STORED, DRIED, & HANDLED",78
Restaurant,Risk 1 (High),pre_2018_code,27,"TOILET ROOMS ENCLOSED CLEAN, PROVIDED WITH HAND CLEANSER, SANITARY HAND DRYING DEVICES AND PROPER WASTE RECEPTACLES",76
School,Risk 1 (High),2018_code,57,ALL FOOD EMPLOYEES HAVE FOOD HANDLER TRAINING,76
Childcare / Daycare,Risk 1 (High),2018_code,44,"UTENSILS, EQUIPMENT & LINENS: PROPERLY STORED, DRIED, & HANDLED",76
Catering / Banquet,Risk 1 (High),2018_code,55,"PHYSICAL FACILITIES INSTALLED, MAINTAINED & CLEAN",76
Restaurant,Risk 2 (Medium),2018_code,43,IN-USE UTENSILS: PROPERLY STORED,75
Childcare / Daycare,Risk 1 (High),2018_code,16,FOOD-CONTACT SURFACES: CLEANED & SANITIZED,75
Bakery,Risk 2 (Medium),2018_code,48,"WAREWASHING FACILITIES: INSTALLED, MAINTAINED & USED; TEST STRIPS",74
Long Term Care / Health,Risk 1 (High),2018_code,2,CITY OF CHICAGO FOOD SERVICE SANITATION CERTIFICATE,74
Grocery Store,Risk 2 (Medium),pre_2018_code,43,"FOOD (ICE) DISPENSING UTENSILS, WASH CLOTHS PROPERLY STORED",74
Restaurant,Risk 3 (Low),pre_2018_code,33,"FOOD AND NON-FOOD CONTACT EQUIPMENT UTENSILS CLEAN, FREE OF ABRASIVE DETERGENTS",74
Grocery Store,Risk 1 (High),2018_code,21,PROPER HOT HOLDING TEMPERATURES,73
School,Risk 2 (Medium),pre_2018_code,34,"FLOORS: CONSTRUCTED PER CODE, CLEANED, GOOD REPAIR, COVING INSTALLED, DUST-LESS CLEANING METHODS USED",73
School,Risk 1 (High),pre_2018_code,2,FACILITIES TO MAINTAIN PROPER TEMPERATURE,73
Mobile Food,Risk 2 (Medium),pre_2018_code,18,"NO EVIDENCE OF RODENT OR INSECT OUTER OPENINGS PROTECTED/RODENT PROOFED, A WRITTEN LOG SHALL BE MAINTAINED AVAILABLE TO THE INSPECTORS",72
Long Term Care / Health,Risk 1 (High),pre_2018_code,41,"PREMISES MAINTAINED FREE OF LITTER, UNNECESSARY ARTICLES, CLEANING EQUIPMENT PROPERLY STORED",71
Restaurant,Risk 2 (Medium),pre_2018_code,10,"SEWAGE AND WASTE WATER DISPOSAL, NO BACK SIPHONAGE, CROSS CONNECTION AND/OR BACK FLOW",71
Grocery Store,Risk 1 (High),2018_code,40,PERSONAL CLEANLINESS,71
Childcare / Daycare,Risk 1 (High),pre_2018_code,8,"SANITIZING RINSE FOR EQUIPMENT AND UTENSILS: CLEAN, PROPER TEMPERATURE, CONCENTRATION, EXPOSURE TIME",71
Bakery,Risk 2 (Medium),pre_2018_code,30,"FOOD IN ORIGINAL CONTAINER, PROPERLY LABELED: CUSTOMER ADVISORY POSTED AS NEEDED",70
Catering / Banquet,Risk 1 (High),2018_code,38,"INSECTS, RODENTS, & ANIMALS NOT PRESENT",70
Bakery,Risk 1 (High),2018_code,51,PLUMBING INSTALLED; PROPER BACKFLOW DEVICES,70
Grocery Store,Risk 2 (Medium),2018_code,41,WIPING CLOTHS: PROPERLY USED & STORED,70
Grocery Store,Risk 1 (High),2018_code,59,PREVIOUS PRIORITY FOUNDATION VIOLATION CORRECTED,70
Grocery Store,Risk 2 (Medium),2018_code,16,FOOD-CONTACT SURFACES: CLEANED & SANITIZED,70
School,Risk 1 (High),2018_code,36,THERMOMETERS PROVIDED & ACCURATE,70
Grocery Store,Risk 1 (High),2018_code,45,SINGLE-USE/SINGLE-SERVICE ARTICLES: PROPERLY STORED & USED,70
Long Term Care / Health,Risk 1 (High),2018_code,5,PROCEDURES FOR RESPONDING TO VOMITING AND DIARRHEAL EVENTS,70
Restaurant,Risk 1 (High),pre_2018_code,25,"TOXIC ITEMS PROPERLY STORED, LABELED AND USED",69
Bakery,Risk 2 (Medium),2018_code,56,ADEQUATE VENTILATION & LIGHTING; DESIGNATED AREAS USED,69
School,Risk 2 (Medium),pre_2018_code,18,"NO EVIDENCE OF RODENT OR INSECT OUTER OPENINGS PROTECTED/RODENT PROOFED, A WRITTEN LOG SHALL BE MAINTAINED AVAILABLE TO THE INSPECTORS",68
Bakery,Risk 2 (Medium),2018_code,57,ALL FOOD EMPLOYEES HAVE FOOD HANDLER TRAINING,68
Childcare / Daycare,Risk 1 (High),2018_code,37,FOOD PROPERLY LABELED; ORIGINAL CONTAINER,68
Bakery,Risk 2 (Medium),2018_code,47,"FOOD & NON-FOOD CONTACT SURFACES CLEANABLE, PROPERLY DESIGNED, CONSTRUCTED & USED",68
Restaurant,Risk 3 (Low),pre_2018_code,41,"PREMISES MAINTAINED FREE OF LITTER, UNNECESSARY ARTICLES, CLEANING EQUIPMENT PROPERLY STORED",68
Bakery,Risk 2 (Medium),2018_code,49,NON-FOOD/FOOD CONTACT SURFACES CLEAN,67
Grocery Store,Risk 2 (Medium),pre_2018_code,26,"ADEQUATE NUMBER, CONVENIENT, ACCESSIBLE, PROPERLY DESIGNED AND INSTALLED",66
Bakery,Risk 1 (High),2018_code,37,FOOD PROPERLY LABELED; ORIGINAL CONTAINER,66
Bar / Tavern / Liquor,Risk 3 (Low),pre_2018_code,11,"ADEQUATE NUMBER, CONVENIENT, ACCESSIBLE, DESIGNED, AND MAINTAINED",66
Bakery,Risk 2 (Medium),2018_code,37,FOOD PROPERLY LABELED; ORIGINAL CONTAINER,66
School,Risk 2 (Medium),pre_2018_code,35,"WALLS, CEILINGS, ATTACHED EQUIPMENT CONSTRUCTED PER CODE: GOOD REPAIR, SURFACES CLEAN AND DUST-LESS CLEANING METHODS",65
Grocery Store,Risk 2 (Medium),pre_2018_code,45,FOOD HANDLER REQUIREMENTS MET,65
Grocery Store,Risk 3 (Low),2018_code,57,ALL FOOD EMPLOYEES HAVE FOOD HANDLER TRAINING,65
Restaurant,Risk 2 (Medium),pre_2018_code,14,"PREVIOUS SERIOUS VIOLATION CORRECTED, 7-42-090",64
Mobile Food,Risk 2 (Medium),2018_code,3,"MANAGEMENT, FOOD EMPLOYEE AND CONDITIONAL EMPLOYEE; KNOWLEDGE, RESPONSIBILITIES AND REPORTING",64
Childcare / Daycare,Risk 1 (High),pre_2018_code,14,"PREVIOUS SERIOUS VIOLATION CORRECTED, 7-42-090",63
Bakery,Risk 2 (Medium),2018_code,53,"TOILET FACILITIES: PROPERLY CONSTRUCTED, SUPPLIED, & CLEANED",63
Bakery,Risk 2 (Medium),2018_code,36,THERMOMETERS PROVIDED & ACCURATE,61
Restaurant,Risk 1 (High),2018_code,62,COMPLIANCE WITH CLEAN INDOOR AIR ORDINANCE,61
Grocery Store,Risk 1 (High),pre_2018_code,45,FOOD HANDLER REQUIREMENTS MET,61
Bakery,Risk 1 (High),2018_code,56,ADEQUATE VENTILATION & LIGHTING; DESIGNATED AREAS USED,60
Bakery,Risk 1 (High),pre_2018_code,30,"FOOD IN ORIGINAL CONTAINER, PROPERLY LABELED: CUSTOMER ADVISORY POSTED AS NEEDED",60
Grocery Store,Risk 2 (Medium),pre_2018_code,13,"NO EVIDENCE OF RODENT OR INSECT INFESTATION, NO BIRDS, TURTLES OR OTHER ANIMALS",60
Childcare / Daycare,Risk 1 (High),2018_code,57,ALL FOOD EMPLOYEES HAVE FOOD HANDLER TRAINING,60
Mobile Food,Risk 3 (Low),pre_2018_code,18,"NO EVIDENCE OF RODENT OR INSECT OUTER OPENINGS PROTECTED/RODENT PROOFED, A WRITTEN LOG SHALL BE MAINTAINED AVAILABLE TO THE INSPECTORS",60
School,Risk 1 (High),pre_2018_code,9,"WATER SOURCE: SAFE, HOT & COLD UNDER CITY PRESSURE",59
Childcare / Daycare,Risk 1 (High),pre_2018_code,22,"DISH MACHINES: PROVIDED WITH ACCURATE THERMOMETERS, CHEMICAL TEST KITS AND SUITABLE GAUGE COCK",59
Mobile Food,Risk 2 (Medium),pre_2018_code,9,"WATER SOURCE: SAFE, HOT & COLD UNDER CITY PRESSURE",59
Catering / Banquet,Risk 1 (High),pre_2018_code,41,"PREMISES MAINTAINED FREE OF LITTER, UNNECESSARY ARTICLES, CLEANING EQUIPMENT PROPERLY STORED",59
Bakery,Risk 1 (High),pre_2018_code,29,PREVIOUS MINOR VIOLATION(S) CORRECTED 7-42-090,59
Catering / Banquet,Risk 1 (High),2018_code,10,ADEQUATE HANDWASHING SINKS PROPERLY SUPPLIED AND ACCESSIBLE,59
Grocery Store,Risk 1 (High),pre_2018_code,22,"DISH MACHINES: PROVIDED WITH ACCURATE THERMOMETERS, CHEMICAL TEST KITS AND SUITABLE GAUGE COCK",59
Childcare / Daycare,Risk 1 (High),pre_2018_code,31,CLEAN MULTI-USE UTENSILS AND SINGLE SERVICE ARTICLES PROPERLY STORED: NO REUSE OF SINGLE SERVICE ARTICLES,58
Grocery Store,Risk 2 (Medium),2018_code,22,PROPER COLD HOLDING TEMPERATURES,58
Bakery,Risk 2 (Medium),2018_code,51,PLUMBING INSTALLED; PROPER BACKFLOW DEVICES,58
Bar / Tavern / Liquor,Risk 3 (Low),pre_2018_code,37,TOILET ROOM DOORS SELF CLOSING: DRESSING ROOMS WITH LOCKERS PROVIDED: COMPLETE SEPARATION FROM LIVING/SLEEPING QUARTERS,57
Bar / Tavern / Liquor,Risk 3 (Low),2018_code,48,"WAREWASHING FACILITIES: INSTALLED, MAINTAINED & USED; TEST STRIPS",57
Catering / Banquet,Risk 1 (High),pre_2018_code,36,"LIGHTING: REQUIRED MINIMUM FOOT-CANDLES OF LIGHT PROVIDED, FIXTURES SHIELDED",57
School,Risk 1 (High),2018_code,16,FOOD-CONTACT SURFACES: CLEANED & SANITIZED,57
Restaurant,Risk 1 (High),2018_code,13,"FOOD IN GOOD CONDITION, SAFE, & UNADULTERATED",57
Childcare / Daycare,Risk 1 (High),2018_code,59,PREVIOUS PRIORITY FOUNDATION VIOLATION CORRECTED,57
Bar / Tavern / Liquor,Risk 3 (Low),2018_code,3,"MANAGEMENT, FOOD EMPLOYEE AND CONDITIONAL EMPLOYEE; KNOWLEDGE, RESPONSIBILITIES AND REPORTING",57
Mobile Food,Risk 2 (Medium),2018_code,50,HOT & COLD WATER AVAILABLE; ADEQUATE PRESSURE,57
School,Risk 1 (High),pre_2018_code,37,TOILET ROOM DOORS SELF CLOSING: DRESSING ROOMS WITH LOCKERS PROVIDED: COMPLETE SEPARATION FROM LIVING/SLEEPING QUARTERS,57
Bar / Tavern / Liquor,Risk 3 (Low),2018_code,51,PLUMBING INSTALLED; PROPER BACKFLOW DEVICES,56
School,Risk 2 (Medium),pre_2018_code,38,VENTILATION: ROOMS AND EQUIPMENT VENTED AS REQUIRED: PLUMBING: INSTALLED AND MAINTAINED,56
Mobile Food,Risk 2 (Medium),2018_code,38,"INSECTS, RODENTS, & ANIMALS NOT PRESENT",56
Long Term Care / Health,Risk 1 (High),pre_2018_code,19,"OUTSIDE GARBAGE WASTE GREASE AND STORAGE AREA; CLEAN, RODENT PROOF, ALL CONTAINERS COVERED",56
Grocery Store,Risk 3 (Low),pre_2018_code,16,"FOOD PROTECTED DURING STORAGE, PREPARATION, DISPLAY, SERVICE AND TRANSPORTATION",56
Wholesale / Warehouse / Commissary,Risk 3 (Low),pre_2018_code,18,"NO EVIDENCE OF RODENT OR INSECT OUTER OPENINGS PROTECTED/RODENT PROOFED, A WRITTEN LOG SHALL BE MAINTAINED AVAILABLE TO THE INSPECTORS",55
Grocery Store,Risk 2 (Medium),pre_2018_code,70,NO SMOKING REGULATIONS,55
Bakery,Risk 1 (High),2018_code,5,PROCEDURES FOR RESPONDING TO VOMITING AND DIARRHEAL EVENTS,55
School,Risk 1 (High),pre_2018_code,31,CLEAN MULTI-USE UTENSILS AND SINGLE SERVICE ARTICLES PROPERLY STORED: NO REUSE OF SINGLE SERVICE ARTICLES,55
Childcare / Daycare,Risk 1 (High),2018_code,52,SEWAGE & WASTE WATER PROPERLY DISPOSED,55
School,Risk 1 (High),pre_2018_code,13,"NO EVIDENCE OF RODENT OR INSECT INFESTATION, NO BIRDS, TURTLES OR OTHER ANIMALS",54
School,Risk 1 (High),2018_code,52,SEWAGE & WASTE WATER PROPERLY DISPOSED,54
Mobile Food,Risk 3 (Low),pre_2018_code,2,FACILITIES TO MAINTAIN PROPER TEMPERATURE,54
Bakery,Risk 1 (High),2018_code,60,PREVIOUS CORE VIOLATION CORRECTED,54
Restaurant,Risk 2 (Medium),2018_code,44,"UTENSILS, EQUIPMENT & LINENS: PROPERLY STORED, DRIED, & HANDLED",54
Grocery Store,Risk 2 (Medium),2018_code,40,PERSONAL CLEANLINESS,54
Mobile Food,Risk 2 (Medium),2018_code,5,PROCEDURES FOR RESPONDING TO VOMITING AND DIARRHEAL EVENTS,54
Grocery Store,Risk 2 (Medium),2018_code,52,SEWAGE & WASTE WATER PROPERLY DISPOSED,54
Grocery Store,Risk 1 (High),pre_2018_code,42,APPROPRIATE METHOD OF HANDLING OF FOOD (ICE) HAIR RESTRAINTS AND CLEAN APPAREL WORN,53
Bakery,Risk 1 (High),2018_code,39,"CONTAMINATION PREVENTED DURING FOOD PREPARATION, STORAGE & DISPLAY",52
Wholesale / Warehouse / Commissary,Risk 3 (Low),pre_2018_code,35,"WALLS, CEILINGS, ATTACHED EQUIPMENT CONSTRUCTED PER CODE: GOOD REPAIR, SURFACES CLEAN AND DUST-LESS CLEANING METHODS",52
Grocery Store,Risk 2 (Medium),2018_code,23,PROPER DATE MARKING AND DISPOSITION,52
Childcare / Daycare,Risk 1 (High),2018_code,22,PROPER COLD HOLDING TEMPERATURES,52
Bar / Tavern / Liquor,Risk 3 (Low),2018_code,53,"TOILET FACILITIES: PROPERLY CONSTRUCTED, SUPPLIED, & CLEANED",51
Grocery Store,Risk 1 (High),pre_2018_code,8,"SANITIZING RINSE FOR EQUIPMENT AND UTENSILS: CLEAN, PROPER TEMPERATURE, CONCENTRATION, EXPOSURE TIME",51
Grocery Store,Risk 2 (Medium),2018_code,59,PREVIOUS PRIORITY FOUNDATION VIOLATION CORRECTED,51
Long Term Care / Health,Risk 1 (High),2018_code,48,"WAREWASHING FACILITIES: INSTALLED, MAINTAINED & USED; TEST STRIPS",51
Grocery Store,Risk 3 (Low),pre_2018_code,13,"NO EVIDENCE OF RODENT OR INSECT INFESTATION, NO BIRDS, TURTLES OR OTHER ANIMALS",51
Grocery Store,Risk 3 (Low),pre_2018_code,3,"POTENTIALLY HAZARDOUS FOOD MEETS TEMPERATURE REQUIREMENT DURING STORAGE, PREPARATION DISPLAY AND SERVICE",51
Bakery,Risk 1 (High),2018_code,57,ALL FOOD EMPLOYEES HAVE FOOD HANDLER TRAINING,51
Grocery Store,Risk 1 (High),2018_code,43,IN-USE UTENSILS: PROPERLY STORED,50
Grocery Store,Risk 1 (High),2018_code,50,HOT & COLD WATER AVAILABLE; ADEQUATE PRESSURE,50
Grocery Store,Risk 3 (Low),2018_code,61,SUMMARY REPORT DISPLAYED AND VISIBLE TO THE PUBLIC,50
School,Risk 2 (Medium),2018_code,10,ADEQUATE HANDWASHING SINKS PROPERLY SUPPLIED AND ACCESSIBLE,50
Bakery,Risk 2 (Medium),pre_2018_code,29,PREVIOUS MINOR VIOLATION(S) CORRECTED 7-42-090,50
Grocery Store,Risk 2 (Medium),2018_code,50,HOT & COLD WATER AVAILABLE; ADEQUATE PRESSURE,50
Long Term Care / Health,Risk 1 (High),2018_code,54,GARBAGE & REFUSE PROPERLY DISPOSED; FACILITIES MAINTAINED,50
Bakery,Risk 1 (High),2018_code,3,"MANAGEMENT, FOOD EMPLOYEE AND CONDITIONAL EMPLOYEE; KNOWLEDGE, RESPONSIBILITIES AND REPORTING",49
School,Risk 1 (High),pre_2018_code,12,"HAND WASHING FACILITIES: WITH SOAP AND SANITARY HAND DRYING DEVICES, CONVENIENT AND ACCESSIBLE TO FOOD PREP AREA",49
Restaurant,Risk 1 (High),pre_2018_code,17,POTENTIALLY HAZARDOUS FOOD PROPERLY THAWED,49
Restaurant,Risk 2 (Medium),pre_2018_code,70,NO SMOKING REGULATIONS,48
Grocery Store,Risk 2 (Medium),pre_2018_code,14,"PREVIOUS SERIOUS VIOLATION CORRECTED, 7-42-090",48
Bakery,Risk 2 (Medium),2018_code,2,CITY OF CHICAGO FOOD SERVICE SANITATION CERTIFICATE,48
Long Term Care / Health,Risk 1 (High),pre_2018_code,16,"FOOD PROTECTED DURING STORAGE, PREPARATION, DISPLAY, SERVICE AND TRANSPORTATION",48
Grocery Store,Risk 3 (Low),2018_code,59,PREVIOUS PRIORITY FOUNDATION VIOLATION CORRECTED,48
School,Risk 1 (High),2018_code,22,PROPER COLD HOLDING TEMPERATURES,48
School,Risk 1 (High),pre_2018_code,30,"FOOD IN ORIGINAL CONTAINER, PROPERLY LABELED: CUSTOMER ADVISORY POSTED AS NEEDED",48
Wholesale / Warehouse / Commissary,Risk 3 (Low),pre_2018_code,34,"FLOORS: CONSTRUCTED PER CODE, CLEANED, GOOD REPAIR, COVING INSTALLED, DUST-LESS CLEANING METHODS USED",48
Grocery Store,Risk 1 (High),2018_code,25,CONSUMER ADVISORY PROVIDED FOR RAW/UNDERCOOKED FOOD,48
Restaurant,Risk 1 (High),2018_code,20,PROPER COOLING TIME AND TEMPERATURE,48
Bar / Tavern / Liquor,Risk 3 (Low),pre_2018_code,16,"FOOD PROTECTED DURING STORAGE, PREPARATION, DISPLAY, SERVICE AND TRANSPORTATION",47
Wholesale / Warehouse / Commissary,Risk 2 (Medium),pre_2018_code,34,"FLOORS: CONSTRUCTED PER CODE, CLEANED, GOOD REPAIR, COVING INSTALLED, DUST-LESS CLEANING METHODS USED",47
Childcare / Daycare,Risk 1 (High),pre_2018_code,3,"POTENTIALLY HAZARDOUS FOOD MEETS TEMPERATURE REQUIREMENT DURING STORAGE, PREPARATION DISPLAY AND SERVICE",47
Grocery Store,Risk 2 (Medium),2018_code,45,SINGLE-USE/SINGLE-SERVICE ARTICLES: PROPERLY STORED & USED,47
Long Term Care / Health,Risk 1 (High),2018_code,60,PREVIOUS CORE VIOLATION CORRECTED,47
Bakery,Risk 1 (High),2018_code,48,"WAREWASHING FACILITIES: INSTALLED, MAINTAINED & USED; TEST STRIPS",47
Grocery Store,Risk 3 (Low),pre_2018_code,70,NO SMOKING REGULATIONS,46
Mobile Food,Risk 2 (Medium),2018_code,55,"PHYSICAL FACILITIES INSTALLED, MAINTAINED & CLEAN",46
Mobile Food,Risk 3 (Low),pre_2018_code,38,VENTILATION: ROOMS AND EQUIPMENT VENTED AS REQUIRED: PLUMBING: INSTALLED AND MAINTAINED,46
School,Risk 1 (High),2018_code,33,PROPER COOLING METHODS USED; ADEQUATE EQUIPMENT FOR TEMPERATURE CONTROL,45
Mobile Food,Risk 3 (Low),pre_2018_code,30,"FOOD IN ORIGINAL CONTAINER, PROPERLY LABELED: CUSTOMER ADVISORY POSTED AS NEEDED",45
Grocery Store,Risk 1 (High),pre_2018_code,1,"SOURCE SOUND CONDITION, NO SPOILAGE, FOODS PROPERLY LABELED, SHELLFISH TAGS IN PLACE",45
Bakery,Risk 1 (High),2018_code,58,ALLERGEN TRAINING AS REQUIRED,45
Bakery,Risk 2 (Medium),pre_2018_code,21,* CERTIFIED FOOD MANAGER ON SITE WHEN POTENTIALLY HAZARDOUS FOODS ARE PREPARED AND SERVED,45
Grocery Store,Risk 3 (Low),pre_2018_code,14,"PREVIOUS SERIOUS VIOLATION CORRECTED, 7-42-090",45
Restaurant,Risk 3 (Low),2018_code,55,"PHYSICAL FACILITIES INSTALLED, MAINTAINED & CLEAN",45
Bakery,Risk 2 (Medium),2018_code,39,"CONTAMINATION PREVENTED DURING FOOD PREPARATION, STORAGE & DISPLAY",44
School,Risk 1 (High),pre_2018_code,16,"FOOD PROTECTED DURING STORAGE, PREPARATION, DISPLAY, SERVICE AND TRANSPORTATION",44
Restaurant,Risk 2 (Medium),2018_code,8,HANDS CLEAN & PROPERLY WASHED,44
Wholesale / Warehouse / Commissary,Risk 2 (Medium),pre_2018_code,35,"WALLS, CEILINGS, ATTACHED EQUIPMENT CONSTRUCTED PER CODE: GOOD REPAIR, SURFACES CLEAN AND DUST-LESS CLEANING METHODS",43
Restaurant,Risk 3 (Low),2018_code,38,"INSECTS, RODENTS, & ANIMALS NOT PRESENT",43
Bakery,Risk 1 (High),pre_2018_code,16,"FOOD PROTECTED DURING STORAGE, PREPARATION, DISPLAY, SERVICE AND TRANSPORTATION",43
School,Risk 1 (High),2018_code,44,"UTENSILS, EQUIPMENT & LINENS: PROPERLY STORED, DRIED, & HANDLED",43
Bakery,Risk 2 (Medium),pre_2018_code,16,"FOOD PROTECTED DURING STORAGE, PREPARATION, DISPLAY, SERVICE AND TRANSPORTATION",43
Bar / Tavern / Liquor,Risk 3 (Low),pre_2018_code,24,"DISH WASHING FACILITIES: PROPERLY DESIGNED, CONSTRUCTED, MAINTAINED, INSTALLED, LOCATED AND OPERATED",43
Catering / Banquet,Risk 1 (High),2018_code,51,PLUMBING INSTALLED; PROPER BACKFLOW DEVICES,43
Grocery Store,Risk 3 (Low),2018_code,2,CITY OF CHICAGO FOOD SERVICE SANITATION CERTIFICATE,42
Bar / Tavern / Liquor,Risk 3 (Low),pre_2018_code,19,"OUTSIDE GARBAGE WASTE GREASE AND STORAGE AREA; CLEAN, RODENT PROOF, ALL CONTAINERS COVERED",42
Grocery Store,Risk 3 (Low),pre_2018_code,10,"SEWAGE AND WASTE WATER DISPOSAL, NO BACK SIPHONAGE, CROSS CONNECTION AND/OR BACK FLOW",42
School,Risk 2 (Medium),pre_2018_code,41,"PREMISES MAINTAINED FREE OF LITTER, UNNECESSARY ARTICLES, CLEANING EQUIPMENT PROPERLY STORED",41
Long Term Care / Health,Risk 1 (High),2018_code,1,"PERSON IN CHARGE PRESENT, DEMONSTRATES KNOWLEDGE, AND PERFORMS DUTIES",41
Grocery Store,Risk 3 (Low),pre_2018_code,30,"FOOD IN ORIGINAL CONTAINER, PROPERLY LABELED: CUSTOMER ADVISORY POSTED AS NEEDED",41
Mobile Food,Risk 2 (Medium),pre_2018_code,32,"FOOD AND NON-FOOD CONTACT SURFACES PROPERLY DESIGNED, CONSTRUCTED AND MAINTAINED",40
Convenience / Gas Station,Risk 3 (Low),pre_2018_code,18,"NO EVIDENCE OF RODENT OR INSECT OUTER OPENINGS PROTECTED/RODENT PROOFED, A WRITTEN LOG SHALL BE MAINTAINED AVAILABLE TO THE INSPECTORS",40
Restaurant,Risk 1 (High),pre_2018_code,7,WASH AND RINSE WATER: CLEAN AND PROPER TEMPERATURE,40
Mobile Food,Risk 3 (Low),pre_2018_code,32,"FOOD AND NON-FOOD CONTACT SURFACES PROPERLY DESIGNED, CONSTRUCTED AND MAINTAINED",40
Long Term Care / Health,Risk 1 (High),pre_2018_code,3,"POTENTIALLY HAZARDOUS FOOD MEETS TEMPERATURE REQUIREMENT DURING STORAGE, PREPARATION DISPLAY AND SERVICE",39
Bakery,Risk 2 (Medium),pre_2018_code,45,FOOD HANDLER REQUIREMENTS MET,39
Wholesale / Warehouse / Commissary,Risk 2 (Medium),pre_2018_code,38,VENTILATION: ROOMS AND EQUIPMENT VENTED AS REQUIRED: PLUMBING: INSTALLED AND MAINTAINED,39
Long Term Care / Health,Risk 1 (High),2018_code,22,PROPER COLD HOLDING TEMPERATURES,39
Mobile Food,Risk 3 (Low),pre_2018_code,9,"WATER SOURCE: SAFE, HOT & COLD UNDER CITY PRESSURE",39
Restaurant,Risk 1 (High),2018_code,11,FOOD OBTAINED FROM APPROVED SOURCE,39
Restaurant,Risk 2 (Medium),2018_code,25,CONSUMER ADVISORY PROVIDED FOR RAW/UNDERCOOKED FOOD,39
Grocery Store,Risk 1 (High),pre_2018_code,6,"HANDS WASHED AND CLEANED, GOOD HYGIENIC PRACTICES; NO BARE HAND CONTACT WITH READY-TO-EAT FOODS.",39
Bakery,Risk 1 (High),pre_2018_code,40,REFRIGERATION AND METAL STEM THERMOMETERS PROVIDED AND CONSPICUOUS,39
School,Risk 1 (High),2018_code,37,FOOD PROPERLY LABELED; ORIGINAL CONTAINER,39
Grocery Store,Risk 1 (High),pre_2018_code,9,"WATER SOURCE: SAFE, HOT & COLD UNDER CITY PRESSURE",38
Catering / Banquet,Risk 1 (High),2018_code,56,ADEQUATE VENTILATION & LIGHTING; DESIGNATED AREAS USED,38
Mobile Food,Risk 2 (Medium),2018_code,33,PROPER COOLING METHODS USED; ADEQUATE EQUIPMENT FOR TEMPERATURE CONTROL,38
Wholesale / Warehouse / Commissary,Risk 2 (Medium),pre_2018_code,18,"NO EVIDENCE OF RODENT OR INSECT OUTER OPENINGS PROTECTED/RODENT PROOFED, A WRITTEN LOG SHALL BE MAINTAINED AVAILABLE TO THE INSPECTORS",37
Convenience / Gas Station,Risk 3 (Low),pre_2018_code,34,"FLOORS: CONSTRUCTED PER CODE, CLEANED, GOOD REPAIR, COVING INSTALLED, DUST-LESS CLEANING METHODS USED",37
Long Term Care / Health,Risk 1 (High),pre_2018_code,29,PREVIOUS MINOR VIOLATION(S) CORRECTED 7-42-090,37
School,Risk 1 (High),2018_code,45,SINGLE-USE/SINGLE-SERVICE ARTICLES: PROPERLY STORED & USED,37
Wholesale / Warehouse / Commissary,Risk 3 (Low),pre_2018_code,38,VENTILATION: ROOMS AND EQUIPMENT VENTED AS REQUIRED: PLUMBING: INSTALLED AND MAINTAINED,37
Bakery,Risk 1 (High),2018_code,53,"TOILET FACILITIES: PROPERLY CONSTRUCTED, SUPPLIED, & CLEANED",37
Grocery Store,Risk 2 (Medium),pre_2018_code,1,"SOURCE SOUND CONDITION, NO SPOILAGE, FOODS PROPERLY LABELED, SHELLFISH TAGS IN PLACE",37
Long Term Care / Health,Risk 1 (High),2018_code,39,"CONTAMINATION PREVENTED DURING FOOD PREPARATION, STORAGE & DISPLAY",37
Long Term Care / Health,Risk 1 (High),2018_code,37,FOOD PROPERLY LABELED; ORIGINAL CONTAINER,37
Catering / Banquet,Risk 1 (High),2018_code,47,"FOOD & NON-FOOD CONTACT SURFACES CLEANABLE, PROPERLY DESIGNED, CONSTRUCTED & USED",36
Mobile Food,Risk 2 (Medium),2018_code,48,"WAREWASHING FACILITIES: INSTALLED, MAINTAINED & USED; TEST STRIPS",36
Grocery Store,Risk 3 (Low),pre_2018_code,28,* INSPECTION REPORT SUMMARY DISPLAYED AND VISIBLE TO ALL CUSTOMERS,36
Bakery,Risk 2 (Medium),pre_2018_code,37,TOILET ROOM DOORS SELF CLOSING: DRESSING ROOMS WITH LOCKERS PROVIDED: COMPLETE SEPARATION FROM LIVING/SLEEPING QUARTERS,36
Long Term Care / Health,Risk 1 (High),2018_code,52,SEWAGE & WASTE WATER PROPERLY DISPOSED,36
Bar / Tavern / Liquor,Risk 3 (Low),2018_code,56,ADEQUATE VENTILATION & LIGHTING; DESIGNATED AREAS USED,36
Catering / Banquet,Risk 1 (High),2018_code,48,"WAREWASHING FACILITIES: INSTALLED, MAINTAINED & USED; TEST STRIPS",36
Restaurant,Risk 3 (Low),pre_2018_code,11,"ADEQUATE NUMBER, CONVENIENT, ACCESSIBLE, DESIGNED, AND MAINTAINED",36
Catering / Banquet,Risk 1 (High),2018_code,58,ALLERGEN TRAINING AS REQUIRED,36
School,Risk 2 (Medium),2018_code,55,"PHYSICAL FACILITIES INSTALLED, MAINTAINED & CLEAN",35
Mobile Food,Risk 2 (Medium),pre_2018_code,38,VENTILATION: ROOMS AND EQUIPMENT VENTED AS REQUIRED: PLUMBING: INSTALLED AND MAINTAINED,35
Bakery,Risk 1 (High),2018_code,2,CITY OF CHICAGO FOOD SERVICE SANITATION CERTIFICATE,35
Mobile Food,Risk 2 (Medium),pre_2018_code,2,FACILITIES TO MAINTAIN PROPER TEMPERATURE,35
Bakery,Risk 2 (Medium),pre_2018_code,24,"DISH WASHING FACILITIES: PROPERLY DESIGNED, CONSTRUCTED, MAINTAINED, INSTALLED, LOCATED AND OPERATED",35
Grocery Store,Risk 1 (High),2018_code,29,COMPLIANCE WITH VARIANCE/SPECIALIZED PROCESS/HACCP,35
Bakery,Risk 2 (Medium),pre_2018_code,40,REFRIGERATION AND METAL STEM THERMOMETERS PROVIDED AND CONSPICUOUS,35
School,Risk 3 (Low),pre_2018_code,18,"NO EVIDENCE OF RODENT OR INSECT OUTER OPENINGS PROTECTED/RODENT PROOFED, A WRITTEN LOG SHALL BE MAINTAINED AVAILABLE TO THE INSPECTORS",34
Convenience / Gas Station,Risk 3 (Low),pre_2018_code,38,VENTILATION: ROOMS AND EQUIPMENT VENTED AS REQUIRED: PLUMBING: INSTALLED AND MAINTAINED,34
Grocery Store,Risk 3 (Low),pre_2018_code,27,"TOILET ROOMS ENCLOSED CLEAN, PROVIDED WITH HAND CLEANSER, SANITARY HAND DRYING DEVICES AND PROPER WASTE RECEPTACLES",34
Mobile Food,Risk 2 (Medium),2018_code,47,"FOOD & NON-FOOD CONTACT SURFACES CLEANABLE, PROPERLY DESIGNED, CONSTRUCTED & USED",34
Childcare / Daycare,Risk 1 (High),2018_code,45,SINGLE-USE/SINGLE-SERVICE ARTICLES: PROPERLY STORED & USED,33
Bar / Tavern / Liquor,Risk 3 (Low),pre_2018_code,12,"HAND WASHING FACILITIES: WITH SOAP AND SANITARY HAND DRYING DEVICES, CONVENIENT AND ACCESSIBLE TO FOOD PREP AREA",33
School,Risk 2 (Medium),pre_2018_code,33,"FOOD AND NON-FOOD CONTACT EQUIPMENT UTENSILS CLEAN, FREE OF ABRASIVE DETERGENTS",33
Bar / Tavern / Liquor,Risk 3 (Low),pre_2018_code,36,"LIGHTING: REQUIRED MINIMUM FOOT-CANDLES OF LIGHT PROVIDED, FIXTURES SHIELDED",33
Catering / Banquet,Risk 1 (High),2018_code,49,NON-FOOD/FOOD CONTACT SURFACES CLEAN,33
Restaurant,Risk 3 (Low),pre_2018_code,24,"DISH WASHING FACILITIES: PROPERLY DESIGNED, CONSTRUCTED, MAINTAINED, INSTALLED, LOCATED AND OPERATED",33
Wholesale / Warehouse / Commissary,Risk 2 (Medium),pre_2018_code,33,"FOOD AND NON-FOOD CONTACT EQUIPMENT UTENSILS CLEAN, FREE OF ABRASIVE DETERGENTS",33
Mobile Food,Risk 2 (Medium),2018_code,37,FOOD PROPERLY LABELED; ORIGINAL CONTAINER,33
Restaurant,Risk 3 (Low),2018_code,51,PLUMBING INSTALLED; PROPER BACKFLOW DEVICES,32
Restaurant,Risk 3 (Low),pre_2018_code,2,FACILITIES TO MAINTAIN PROPER TEMPERATURE,32
Restaurant,Risk 3 (Low),2018_code,5,PROCEDURES FOR RESPONDING TO VOMITING AND DIARRHEAL EVENTS,32
Grocery Store,Risk 1 (High),pre_2018_code,26,"ADEQUATE NUMBER, CONVENIENT, ACCESSIBLE, PROPERLY DESIGNED AND INSTALLED",32
Grocery Store,Risk 1 (High),2018_code,14,"REQUIRED RECORDS AVAILABLE: SHELLSTOCK TAGS, PARASITE DESTRUCTION",32
Restaurant,Risk 3 (Low),2018_code,10,ADEQUATE HANDWASHING SINKS PROPERLY SUPPLIED AND ACCESSIBLE,32
Long Term Care / Health,Risk 1 (High),2018_code,57,ALL FOOD EMPLOYEES HAVE FOOD HANDLER TRAINING,31
Restaurant,Risk 3 (Low),pre_2018_code,16,"FOOD PROTECTED DURING STORAGE, PREPARATION, DISPLAY, SERVICE AND TRANSPORTATION",31
Mobile Food,Risk 3 (Low),pre_2018_code,11,"ADEQUATE NUMBER, CONVENIENT, ACCESSIBLE, DESIGNED, AND MAINTAINED",31
Long Term Care / Health,Risk 1 (High),pre_2018_code,11,"ADEQUATE NUMBER, CONVENIENT, ACCESSIBLE, DESIGNED, AND MAINTAINED",31
Mobile Food,Risk 2 (Medium),2018_code,10,ADEQUATE HANDWASHING SINKS PROPERLY SUPPLIED AND ACCESSIBLE,31
Catering / Banquet,Risk 1 (High),pre_2018_code,29,PREVIOUS MINOR VIOLATION(S) CORRECTED 7-42-090,31
Mobile Food,Risk 2 (Medium),2018_code,51,PLUMBING INSTALLED; PROPER BACKFLOW DEVICES,31
Bakery,Risk 1 (High),2018_code,41,WIPING CLOTHS: PROPERLY USED & STORED,31
Restaurant,Risk 3 (Low),2018_code,3,"MANAGEMENT, FOOD EMPLOYEE AND CONDITIONAL EMPLOYEE; KNOWLEDGE, RESPONSIBILITIES AND REPORTING",31
Convenience / Gas Station,Risk 3 (Low),pre_2018_code,35,"WALLS, CEILINGS, ATTACHED EQUIPMENT CONSTRUCTED PER CODE: GOOD REPAIR, SURFACES CLEAN AND DUST-LESS CLEANING METHODS",30
Convenience / Gas Station,Risk 3 (Low),pre_2018_code,32,"FOOD AND NON-FOOD CONTACT SURFACES PROPERLY DESIGNED, CONSTRUCTED AND MAINTAINED",30
Mobile Food,Risk 2 (Medium),2018_code,36,THERMOMETERS PROVIDED & ACCURATE,30
Grocery Store,Risk 1 (High),2018_code,15,FOOD SEPARATED AND PROTECTED,30
Grocery Store,Risk 3 (Low),2018_code,52,SEWAGE & WASTE WATER PROPERLY DISPOSED,30
Restaurant,Risk 2 (Medium),2018_code,21,PROPER HOT HOLDING TEMPERATURES,30
Restaurant,Risk 3 (Low),pre_2018_code,40,REFRIGERATION AND METAL STEM THERMOMETERS PROVIDED AND CONSPICUOUS,30
Catering / Banquet,Risk 1 (High),2018_code,3,"MANAGEMENT, FOOD EMPLOYEE AND CONDITIONAL EMPLOYEE; KNOWLEDGE, RESPONSIBILITIES AND REPORTING",30
Bar / Tavern / Liquor,Risk 3 (Low),2018_code,54,GARBAGE & REFUSE PROPERLY DISPOSED; FACILITIES MAINTAINED,30
Grocery Store,Risk 2 (Medium),pre_2018_code,28,* INSPECTION REPORT SUMMARY DISPLAYED AND VISIBLE TO ALL CUSTOMERS,30
Childcare / Daycare,Risk 1 (High),pre_2018_code,13,"NO EVIDENCE OF RODENT OR INSECT INFESTATION, NO BIRDS, TURTLES OR OTHER ANIMALS",30
Bar / Tavern / Liquor,Risk 3 (Low),2018_code,49,NON-FOOD/FOOD CONTACT SURFACES CLEAN,30
Mobile Food,Risk 3 (Low),pre_2018_code,10,"SEWAGE AND WASTE WATER DISPOSAL, NO BACK SIPHONAGE, CROSS CONNECTION AND/OR BACK FLOW",30
Mobile Food,Risk 2 (Medium),pre_2018_code,35,"WALLS, CEILINGS, ATTACHED EQUIPMENT CONSTRUCTED PER CODE: GOOD REPAIR, SURFACES CLEAN AND DUST-LESS CLEANING METHODS",30
Restaurant,Risk 2 (Medium),pre_2018_code,27,"TOILET ROOMS ENCLOSED CLEAN, PROVIDED WITH HAND CLEANSER, SANITARY HAND DRYING DEVICES AND PROPER WASTE RECEPTACLES",30
Long Term Care / Health,Risk 1 (High),2018_code,59,PREVIOUS PRIORITY FOUNDATION VIOLATION CORRECTED,30
Childcare / Daycare,Risk 1 (High),pre_2018_code,42,APPROPRIATE METHOD OF HANDLING OF FOOD (ICE) HAIR RESTRAINTS AND CLEAN APPAREL WORN,30
Grocery Store,Risk 3 (Low),2018_code,60,PREVIOUS CORE VIOLATION CORRECTED,29
Restaurant,Risk 3 (Low),2018_code,53,"TOILET FACILITIES: PROPERLY CONSTRUCTED, SUPPLIED, & CLEANED",29
Childcare / Daycare,Risk 1 (High),pre_2018_code,30,"FOOD IN ORIGINAL CONTAINER, PROPERLY LABELED: CUSTOMER ADVISORY POSTED AS NEEDED",29
Catering / Banquet,Risk 1 (High),pre_2018_code,30,"FOOD IN ORIGINAL CONTAINER, PROPERLY LABELED: CUSTOMER ADVISORY POSTED AS NEEDED",29
Convenience / Gas Station,Risk 3 (Low),pre_2018_code,41,"PREMISES MAINTAINED FREE OF LITTER, UNNECESSARY ARTICLES, CLEANING EQUIPMENT PROPERLY STORED",29
Grocery Store,Risk 3 (Low),pre_2018_code,1,"SOURCE SOUND CONDITION, NO SPOILAGE, FOODS PROPERLY LABELED, SHELLFISH TAGS IN PLACE",29
Catering / Banquet,Risk 1 (High),2018_code,53,"TOILET FACILITIES: PROPERLY CONSTRUCTED, SUPPLIED, & CLEANED",29
Grocery Store,Risk 2 (Medium),pre_2018_code,10,"SEWAGE AND WASTE WATER DISPOSAL, NO BACK SIPHONAGE, CROSS CONNECTION AND/OR BACK FLOW",29
Mobile Food,Risk 2 (Medium),pre_2018_code,24,"DISH WASHING FACILITIES: PROPERLY DESIGNED, CONSTRUCTED, MAINTAINED, INSTALLED, LOCATED AND OPERATED",29
Mobile Food,Risk 2 (Medium),pre_2018_code,30,"FOOD IN ORIGINAL CONTAINER, PROPERLY LABELED: CUSTOMER ADVISORY POSTED AS NEEDED",28
Catering / Banquet,Risk 1 (High),pre_2018_code,11,"ADEQUATE NUMBER, CONVENIENT, ACCESSIBLE, DESIGNED, AND MAINTAINED",28
Grocery Store,Risk 1 (High),pre_2018_code,10,"SEWAGE AND WASTE WATER DISPOSAL, NO BACK SIPHONAGE, CROSS CONNECTION AND/OR BACK FLOW",28
Catering / Banquet,Risk 1 (High),pre_2018_code,19,"OUTSIDE GARBAGE WASTE GREASE AND STORAGE AREA; CLEAN, RODENT PROOF, ALL CONTAINERS COVERED",28
Restaurant,Risk 3 (Low),2018_code,48,"WAREWASHING FACILITIES: INSTALLED, MAINTAINED & USED; TEST STRIPS",28
Bakery,Risk 2 (Medium),pre_2018_code,11,"ADEQUATE NUMBER, CONVENIENT, ACCESSIBLE, DESIGNED, AND MAINTAINED",28
Bakery,Risk 2 (Medium),2018_code,1,"PERSON IN CHARGE PRESENT, DEMONSTRATES KNOWLEDGE, AND PERFORMS DUTIES",28
Bar / Tavern / Liquor,Risk 3 (Low),2018_code,16,FOOD-CONTACT SURFACES: CLEANED & SANITIZED,28
Bar / Tavern / Liquor,Risk 3 (Low),2018_code,47,"FOOD & NON-FOOD CONTACT SURFACES CLEANABLE, PROPERLY DESIGNED, CONSTRUCTED & USED",28
Restaurant,Risk 2 (Medium),pre_2018_code,13,"NO EVIDENCE OF RODENT OR INSECT INFESTATION, NO BIRDS, TURTLES OR OTHER ANIMALS",28
Bakery,Risk 1 (High),pre_2018_code,3,"POTENTIALLY HAZARDOUS FOOD MEETS TEMPERATURE REQUIREMENT DURING STORAGE, PREPARATION DISPLAY AND SERVICE",28
Childcare / Daycare,Risk 1 (High),2018_code,41,WIPING CLOTHS: PROPERLY USED & STORED,27
Wholesale / Warehouse / Commissary,Risk 1 (High),pre_2018_code,34,"FLOORS: CONSTRUCTED PER CODE, CLEANED, GOOD REPAIR, COVING INSTALLED, DUST-LESS CLEANING METHODS USED",27
Mobile Food,Risk 2 (Medium),pre_2018_code,33,"FOOD AND NON-FOOD CONTACT EQUIPMENT UTENSILS CLEAN, FREE OF ABRASIVE DETERGENTS",27
Bakery,Risk 1 (High),2018_code,36,THERMOMETERS PROVIDED & ACCURATE,27
Long Term Care / Health,Risk 1 (High),pre_2018_code,8,"SANITIZING RINSE FOR EQUIPMENT AND UTENSILS: CLEAN, PROPER TEMPERATURE, CONCENTRATION, EXPOSURE TIME",27
Long Term Care / Health,Risk 1 (High),pre_2018_code,30,"FOOD IN ORIGINAL CONTAINER, PROPERLY LABELED: CUSTOMER ADVISORY POSTED AS NEEDED",27
Wholesale / Warehouse / Commissary,Risk 1 (High),2018_code,38,"INSECTS, RODENTS, & ANIMALS NOT PRESENT",27
Bakery,Risk 2 (Medium),pre_2018_code,19,"OUTSIDE GARBAGE WASTE GREASE AND STORAGE AREA; CLEAN, RODENT PROOF, ALL CONTAINERS COVERED",27
Bakery,Risk 1 (High),pre_2018_code,42,APPROPRIATE METHOD OF HANDLING OF FOOD (ICE) HAIR RESTRAINTS AND CLEAN APPAREL WORN,27
Bakery,Risk 1 (High),2018_code,22,PROPER COLD HOLDING TEMPERATURES,27
Restaurant,Risk 3 (Low),pre_2018_code,36,"LIGHTING: REQUIRED MINIMUM FOOT-CANDLES OF LIGHT PROVIDED, FIXTURES SHIELDED",27
Wholesale / Warehouse / Commissary,Risk 1 (High),pre_2018_code,35,"WALLS, CEILINGS, ATTACHED EQUIPMENT CONSTRUCTED PER CODE: GOOD REPAIR, SURFACES CLEAN AND DUST-LESS CLEANING METHODS",27
Restaurant,Risk 2 (Medium),2018_code,64,MISCELLANEOUS / PUBLIC HEALTH ORDERS,26
Mobile Food,Risk 2 (Medium),pre_2018_code,34,"FLOORS: CONSTRUCTED PER CODE, CLEANED, GOOD REPAIR, COVING INSTALLED, DUST-LESS CLEANING METHODS USED",26
Restaurant,Risk 1 (High),pre_2018_code,20,"INSIDE CONTAINERS OR RECEPTACLES: ADEQUATE NUMBER, PROPERLY COVERED AND INSECT/RODENT PROOF",26
Restaurant,Risk 3 (Low),pre_2018_code,19,"OUTSIDE GARBAGE WASTE GREASE AND STORAGE AREA; CLEAN, RODENT PROOF, ALL CONTAINERS COVERED",26
Convenience / Gas Station,Risk 3 (Low),2018_code,38,"INSECTS, RODENTS, & ANIMALS NOT PRESENT",26
Grocery Store,Risk 1 (High),pre_2018_code,14,"PREVIOUS SERIOUS VIOLATION CORRECTED, 7-42-090",26
Grocery Store,Risk 2 (Medium),2018_code,61,SUMMARY REPORT DISPLAYED AND VISIBLE TO THE PUBLIC,26
School,Risk 1 (High),pre_2018_code,8,"SANITIZING RINSE FOR EQUIPMENT AND UTENSILS: CLEAN, PROPER TEMPERATURE, CONCENTRATION, EXPOSURE TIME",25
Grocery Store,Risk 3 (Low),2018_code,16,FOOD-CONTACT SURFACES: CLEANED & SANITIZED,25
Childcare / Daycare,Risk 1 (High),pre_2018_code,16,"FOOD PROTECTED DURING STORAGE, PREPARATION, DISPLAY, SERVICE AND TRANSPORTATION",25
Bakery,Risk 2 (Medium),2018_code,54,GARBAGE & REFUSE PROPERLY DISPOSED; FACILITIES MAINTAINED,25
Catering / Banquet,Risk 1 (High),2018_code,5,PROCEDURES FOR RESPONDING TO VOMITING AND DIARRHEAL EVENTS,25
Long Term Care / Health,Risk 1 (High),pre_2018_code,24,"DISH WASHING FACILITIES: PROPERLY DESIGNED, CONSTRUCTED, MAINTAINED, INSTALLED, LOCATED AND OPERATED",25
Restaurant,Risk 1 (High),2018_code,24,TIME AS A PUBLIC HEALTH CONTROL; PROCEDURES & RECORDS,25
Wholesale / Warehouse / Commissary,Risk 3 (Low),pre_2018_code,41,"PREMISES MAINTAINED FREE OF LITTER, UNNECESSARY ARTICLES, CLEANING EQUIPMENT PROPERLY STORED",25
Mobile Food,Risk 2 (Medium),2018_code,49,NON-FOOD/FOOD CONTACT SURFACES CLEAN,25
Long Term Care / Health,Risk 1 (High),pre_2018_code,21,* CERTIFIED FOOD MANAGER ON SITE WHEN POTENTIALLY HAZARDOUS FOODS ARE PREPARED AND SERVED,24
Convenience / Gas Station,Risk 3 (Low),pre_2018_code,33,"FOOD AND NON-FOOD CONTACT EQUIPMENT UTENSILS CLEAN, FREE OF ABRASIVE DETERGENTS",24
Grocery Store,Risk 1 (High),2018_code,13,"FOOD IN GOOD CONDITION, SAFE, & UNADULTERATED",24
Wholesale / Warehouse / Commissary,Risk 1 (High),2018_code,10,ADEQUATE HANDWASHING SINKS PROPERLY SUPPLIED AND ACCESSIBLE,24
Grocery Store,Risk 3 (Low),2018_code,13,"FOOD IN GOOD CONDITION, SAFE, & UNADULTERATED",24
School,Risk 2 (Medium),2018_code,38,"INSECTS, RODENTS, & ANIMALS NOT PRESENT",24
Catering / Banquet,Risk 1 (High),2018_code,57,ALL FOOD EMPLOYEES HAVE FOOD HANDLER TRAINING,24
Restaurant,Risk 3 (Low),pre_2018_code,21,* CERTIFIED FOOD MANAGER ON SITE WHEN POTENTIALLY HAZARDOUS FOODS ARE PREPARED AND SERVED,24
Long Term Care / Health,Risk 1 (High),pre_2018_code,31,CLEAN MULTI-USE UTENSILS AND SINGLE SERVICE ARTICLES PROPERLY STORED: NO REUSE OF SINGLE SERVICE ARTICLES,23
Catering / Banquet,Risk 1 (High),pre_2018_code,16,"FOOD PROTECTED DURING STORAGE, PREPARATION, DISPLAY, SERVICE AND TRANSPORTATION",23
Catering / Banquet,Risk 1 (High),pre_2018_code,31,CLEAN MULTI-USE UTENSILS AND SINGLE SERVICE ARTICLES PROPERLY STORED: NO REUSE OF SINGLE SERVICE ARTICLES,23
Grocery Store,Risk 2 (Medium),pre_2018_code,6,"HANDS WASHED AND CLEANED, GOOD HYGIENIC PRACTICES; NO BARE HAND CONTACT WITH READY-TO-EAT FOODS.",23
Wholesale / Warehouse / Commissary,Risk 1 (High),pre_2018_code,38,VENTILATION: ROOMS AND EQUIPMENT VENTED AS REQUIRED: PLUMBING: INSTALLED AND MAINTAINED,23
Convenience / Gas Station,Risk 2 (Medium),pre_2018_code,11,"ADEQUATE NUMBER, CONVENIENT, ACCESSIBLE, DESIGNED, AND MAINTAINED",23
Long Term Care / Health,Risk 1 (High),2018_code,33,PROPER COOLING METHODS USED; ADEQUATE EQUIPMENT FOR TEMPERATURE CONTROL,23
Restaurant,Risk 1 (High),2018_code,19,PROPER REHEATING PROCEDURES FOR HOT HOLDING,23
Grocery Store,Risk 1 (High),2018_code,61,SUMMARY REPORT DISPLAYED AND VISIBLE TO THE PUBLIC,23
Wholesale / Warehouse / Commissary,Risk 3 (Low),pre_2018_code,36,"LIGHTING: REQUIRED MINIMUM FOOT-CANDLES OF LIGHT PROVIDED, FIXTURES SHIELDED",23
Grocery Store,Risk 3 (Low),2018_code,1,"PERSON IN CHARGE PRESENT, DEMONSTRATES KNOWLEDGE, AND PERFORMS DUTIES",23
Wholesale / Warehouse / Commissary,Risk 2 (Medium),pre_2018_code,41,"PREMISES MAINTAINED FREE OF LITTER, UNNECESSARY ARTICLES, CLEANING EQUIPMENT PROPERLY STORED",23
Restaurant,Risk 3 (Low),pre_2018_code,37,TOILET ROOM DOORS SELF CLOSING: DRESSING ROOMS WITH LOCKERS PROVIDED: COMPLETE SEPARATION FROM LIVING/SLEEPING QUARTERS,23
Mobile Food,Risk 2 (Medium),2018_code,52,SEWAGE & WASTE WATER PROPERLY DISPOSED,23
School,Risk 2 (Medium),pre_2018_code,32,"FOOD AND NON-FOOD CONTACT SURFACES PROPERLY DESIGNED, CONSTRUCTED AND MAINTAINED",23
Bakery,Risk 2 (Medium),2018_code,60,PREVIOUS CORE VIOLATION CORRECTED,23
School,Risk 2 (Medium),2018_code,51,PLUMBING INSTALLED; PROPER BACKFLOW DEVICES,23
School,Risk 3 (Low),pre_2018_code,35,"WALLS, CEILINGS, ATTACHED EQUIPMENT CONSTRUCTED PER CODE: GOOD REPAIR, SURFACES CLEAN AND DUST-LESS CLEANING METHODS",23
Mobile Food,Risk 2 (Medium),pre_2018_code,21,* CERTIFIED FOOD MANAGER ON SITE WHEN POTENTIALLY HAZARDOUS FOODS ARE PREPARED AND SERVED,23
Mobile Food,Risk 2 (Medium),2018_code,16,FOOD-CONTACT SURFACES: CLEANED & SANITIZED,22
Bakery,Risk 1 (High),pre_2018_code,31,CLEAN MULTI-USE UTENSILS AND SINGLE SERVICE ARTICLES PROPERLY STORED: NO REUSE OF SINGLE SERVICE ARTICLES,22
Bar / Tavern / Liquor,Risk 3 (Low),pre_2018_code,8,"SANITIZING RINSE FOR EQUIPMENT AND UTENSILS: CLEAN, PROPER TEMPERATURE, CONCENTRATION, EXPOSURE TIME",22
Childcare / Daycare,Risk 1 (High),2018_code,23,PROPER DATE MARKING AND DISPOSITION,22
Bakery,Risk 2 (Medium),pre_2018_code,2,FACILITIES TO MAINTAIN PROPER TEMPERATURE,22
Bakery,Risk 1 (High),pre_2018_code,24,"DISH WASHING FACILITIES: PROPERLY DESIGNED, CONSTRUCTED, MAINTAINED, INSTALLED, LOCATED AND OPERATED",22
Bakery,Risk 1 (High),2018_code,40,PERSONAL CLEANLINESS,22
Mobile Food,Risk 3 (Low),pre_2018_code,34,"FLOORS: CONSTRUCTED PER CODE, CLEANED, GOOD REPAIR, COVING INSTALLED, DUST-LESS CLEANING METHODS USED",22
Restaurant,Risk 3 (Low),pre_2018_code,9,"WATER SOURCE: SAFE, HOT & COLD UNDER CITY PRESSURE",22
Childcare / Daycare,Risk 1 (High),2018_code,40,PERSONAL CLEANLINESS,21
School,Risk 2 (Medium),pre_2018_code,26,"ADEQUATE NUMBER, CONVENIENT, ACCESSIBLE, PROPERLY DESIGNED AND INSTALLED",21
School,Risk 1 (High),pre_2018_code,43,"FOOD (ICE) DISPENSING UTENSILS, WASH CLOTHS PROPERLY STORED",21
Long Term Care / Health,Risk 1 (High),2018_code,23,PROPER DATE MARKING AND DISPOSITION,21
Bakery,Risk 2 (Medium),pre_2018_code,42,APPROPRIATE METHOD OF HANDLING OF FOOD (ICE) HAIR RESTRAINTS AND CLEAN APPAREL WORN,21
Long Term Care / Health,Risk 1 (High),pre_2018_code,40,REFRIGERATION AND METAL STEM THERMOMETERS PROVIDED AND CONSPICUOUS,21
Wholesale / Warehouse / Commissary,Risk 1 (High),2018_code,48,"WAREWASHING FACILITIES: INSTALLED, MAINTAINED & USED; TEST STRIPS",21
Restaurant,Risk 3 (Low),2018_code,36,THERMOMETERS PROVIDED & ACCURATE,21
Bakery,Risk 1 (High),2018_code,33,PROPER COOLING METHODS USED; ADEQUATE EQUIPMENT FOR TEMPERATURE CONTROL,21
Grocery Store,Risk 1 (High),2018_code,28,"TOXIC SUBSTANCES PROPERLY IDENTIFIED, STORED, & USED",21
Grocery Store,Risk 1 (High),2018_code,32,VARIANCE OBTAINED FOR SPECIALIZED PROCESSING METHODS,20
Grocery Store,Risk 3 (Low),2018_code,37,FOOD PROPERLY LABELED; ORIGINAL CONTAINER,20
Long Term Care / Health,Risk 1 (High),pre_2018_code,2,FACILITIES TO MAINTAIN PROPER TEMPERATURE,20
Wholesale / Warehouse / Commissary,Risk 3 (Low),pre_2018_code,33,"FOOD AND NON-FOOD CONTACT EQUIPMENT UTENSILS CLEAN, FREE OF ABRASIVE DETERGENTS",20
Mobile Food,Risk 2 (Medium),2018_code,2,CITY OF CHICAGO FOOD SERVICE SANITATION CERTIFICATE,20
Restaurant,Risk 2 (Medium),pre_2018_code,4,"SOURCE OF CROSS CONTAMINATION CONTROLLED I.E. CUTTING BOARDS, FOOD HANDLERS, UTENSILS, ETC",20
School,Risk 1 (High),pre_2018_code,45,FOOD HANDLER REQUIREMENTS MET,20
School,Risk 1 (High),pre_2018_code,10,"SEWAGE AND WASTE WATER DISPOSAL, NO BACK SIPHONAGE, CROSS CONNECTION AND/OR BACK FLOW",20
Wholesale / Warehouse / Commissary,Risk 2 (Medium),pre_2018_code,32,"FOOD AND NON-FOOD CONTACT SURFACES PROPERLY DESIGNED, CONSTRUCTED AND MAINTAINED",20
School,Risk 2 (Medium),pre_2018_code,36,"LIGHTING: REQUIRED MINIMUM FOOT-CANDLES OF LIGHT PROVIDED, FIXTURES SHIELDED",20
Grocery Store,Risk 2 (Medium),2018_code,64,MISCELLANEOUS / PUBLIC HEALTH ORDERS,20
Bar / Tavern / Liquor,Risk 3 (Low),pre_2018_code,43,"FOOD (ICE) DISPENSING UTENSILS, WASH CLOTHS PROPERLY STORED",20
Mobile Food,Risk 3 (Low),pre_2018_code,29,PREVIOUS MINOR VIOLATION(S) CORRECTED 7-42-090,20
Bakery,Risk 1 (High),2018_code,23,PROPER DATE MARKING AND DISPOSITION,20
Mobile Food,Risk 3 (Low),pre_2018_code,35,"WALLS, CEILINGS, ATTACHED EQUIPMENT CONSTRUCTED PER CODE: GOOD REPAIR, SURFACES CLEAN AND DUST-LESS CLEANING METHODS",20
Wholesale / Warehouse / Commissary,Risk 2 (Medium),pre_2018_code,36,"LIGHTING: REQUIRED MINIMUM FOOT-CANDLES OF LIGHT PROVIDED, FIXTURES SHIELDED",20
Wholesale / Warehouse / Commissary,Risk 1 (High),2018_code,55,"PHYSICAL FACILITIES INSTALLED, MAINTAINED & CLEAN",20
Convenience / Gas Station,Risk 3 (Low),2018_code,5,PROCEDURES FOR RESPONDING TO VOMITING AND DIARRHEAL EVENTS,20
Mobile Food,Risk 2 (Medium),pre_2018_code,16,"FOOD PROTECTED DURING STORAGE, PREPARATION, DISPLAY, SERVICE AND TRANSPORTATION",20
Bar / Tavern / Liquor,Risk 3 (Low),pre_2018_code,26,"ADEQUATE NUMBER, CONVENIENT, ACCESSIBLE, PROPERLY DESIGNED AND INSTALLED",19
School,Risk 2 (Medium),2018_code,2,CITY OF CHICAGO FOOD SERVICE SANITATION CERTIFICATE,19
Bakery,Risk 2 (Medium),2018_code,52,SEWAGE & WASTE WATER PROPERLY DISPOSED,19
Wholesale / Warehouse / Commissary,Risk 1 (High),pre_2018_code,33,"FOOD AND NON-FOOD CONTACT EQUIPMENT UTENSILS CLEAN, FREE OF ABRASIVE DETERGENTS",19
Catering / Banquet,Risk 1 (High),2018_code,60,PREVIOUS CORE VIOLATION CORRECTED,19
Childcare / Daycare,Risk 1 (High),2018_code,21,PROPER HOT HOLDING TEMPERATURES,19
Long Term Care / Health,Risk 1 (High),2018_code,36,THERMOMETERS PROVIDED & ACCURATE,19
Wholesale / Warehouse / Commissary,Risk 2 (Medium),pre_2018_code,24,"DISH WASHING FACILITIES: PROPERLY DESIGNED, CONSTRUCTED, MAINTAINED, INSTALLED, LOCATED AND OPERATED",19
Restaurant,Risk 2 (Medium),2018_code,35,APPROVED THAWING METHODS USED,19
School,Risk 1 (High),pre_2018_code,22,"DISH MACHINES: PROVIDED WITH ACCURATE THERMOMETERS, CHEMICAL TEST KITS AND SUITABLE GAUGE COCK",19
Bar / Tavern / Liquor,Risk 3 (Low),pre_2018_code,2,FACILITIES TO MAINTAIN PROPER TEMPERATURE,19
Catering / Banquet,Risk 1 (High),2018_code,54,GARBAGE & REFUSE PROPERLY DISPOSED; FACILITIES MAINTAINED,19
Childcare / Daycare,Risk 1 (High),pre_2018_code,45,FOOD HANDLER REQUIREMENTS MET,19
Bakery,Risk 1 (High),2018_code,54,GARBAGE & REFUSE PROPERLY DISPOSED; FACILITIES MAINTAINED,19
School,Risk 3 (Low),pre_2018_code,34,"FLOORS: CONSTRUCTED PER CODE, CLEANED, GOOD REPAIR, COVING INSTALLED, DUST-LESS CLEANING METHODS USED",19
Bakery,Risk 2 (Medium),pre_2018_code,12,"HAND WASHING FACILITIES: WITH SOAP AND SANITARY HAND DRYING DEVICES, CONVENIENT AND ACCESSIBLE TO FOOD PREP AREA",18
Special Event / Venue,Risk 3 (Low),pre_2018_code,18,"NO EVIDENCE OF RODENT OR INSECT OUTER OPENINGS PROTECTED/RODENT PROOFED, A WRITTEN LOG SHALL BE MAINTAINED AVAILABLE TO THE INSPECTORS",18
Grocery Store,Risk 2 (Medium),2018_code,21,PROPER HOT HOLDING TEMPERATURES,18
Bar / Tavern / Liquor,Risk 3 (Low),2018_code,36,THERMOMETERS PROVIDED & ACCURATE,18
Grocery Store,Risk 2 (Medium),pre_2018_code,20,"INSIDE CONTAINERS OR RECEPTACLES: ADEQUATE NUMBER, PROPERLY COVERED AND INSECT/RODENT PROOF",18
Catering / Banquet,Risk 1 (High),2018_code,37,FOOD PROPERLY LABELED; ORIGINAL CONTAINER,18
Restaurant,Risk 3 (Low),pre_2018_code,29,PREVIOUS MINOR VIOLATION(S) CORRECTED 7-42-090,18
Grocery Store,Risk 3 (Low),2018_code,22,PROPER COLD HOLDING TEMPERATURES,18
Grocery Store,Risk 2 (Medium),2018_code,43,IN-USE UTENSILS: PROPERLY STORED,18
Special Event / Venue,Risk 1 (High),pre_2018_code,38,VENTILATION: ROOMS AND EQUIPMENT VENTED AS REQUIRED: PLUMBING: INSTALLED AND MAINTAINED,18
Grocery Store,Risk 1 (High),2018_code,35,APPROVED THAWING METHODS USED,18
School,Risk 2 (Medium),2018_code,53,"TOILET FACILITIES: PROPERLY CONSTRUCTED, SUPPLIED, & CLEANED",18
Convenience / Gas Station,Risk 3 (Low),2018_code,10,ADEQUATE HANDWASHING SINKS PROPERLY SUPPLIED AND ACCESSIBLE,18
Wholesale / Warehouse / Commissary,Risk 3 (Low),pre_2018_code,37,TOILET ROOM DOORS SELF CLOSING: DRESSING ROOMS WITH LOCKERS PROVIDED: COMPLETE SEPARATION FROM LIVING/SLEEPING QUARTERS,18
Special Event / Venue,Risk 1 (High),pre_2018_code,18,"NO EVIDENCE OF RODENT OR INSECT OUTER OPENINGS PROTECTED/RODENT PROOFED, A WRITTEN LOG SHALL BE MAINTAINED AVAILABLE TO THE INSPECTORS",18
Catering / Banquet,Risk 1 (High),pre_2018_code,21,* CERTIFIED FOOD MANAGER ON SITE WHEN POTENTIALLY HAZARDOUS FOODS ARE PREPARED AND SERVED,18
Mobile Food,Risk 3 (Low),pre_2018_code,12,"HAND WASHING FACILITIES: WITH SOAP AND SANITARY HAND DRYING DEVICES, CONVENIENT AND ACCESSIBLE TO FOOD PREP AREA",18
Long Term Care / Health,Risk 1 (High),2018_code,41,WIPING CLOTHS: PROPERLY USED & STORED,18
Bakery,Risk 2 (Medium),pre_2018_code,3,"POTENTIALLY HAZARDOUS FOOD MEETS TEMPERATURE REQUIREMENT DURING STORAGE, PREPARATION DISPLAY AND SERVICE",18
Bakery,Risk 1 (High),pre_2018_code,45,FOOD HANDLER REQUIREMENTS MET,18
School,Risk 3 (Low),pre_2018_code,33,"FOOD AND NON-FOOD CONTACT EQUIPMENT UTENSILS CLEAN, FREE OF ABRASIVE DETERGENTS",18
School,Risk 2 (Medium),pre_2018_code,19,"OUTSIDE GARBAGE WASTE GREASE AND STORAGE AREA; CLEAN, RODENT PROOF, ALL CONTAINERS COVERED",18
Restaurant,Risk 3 (Low),2018_code,47,"FOOD & NON-FOOD CONTACT SURFACES CLEANABLE, PROPERLY DESIGNED, CONSTRUCTED & USED",17
School,Risk 2 (Medium),2018_code,60,PREVIOUS CORE VIOLATION CORRECTED,17
Restaurant,Risk 2 (Medium),pre_2018_code,20,"INSIDE CONTAINERS OR RECEPTACLES: ADEQUATE NUMBER, PROPERLY COVERED AND INSECT/RODENT PROOF",17
Long Term Care / Health,Risk 1 (High),pre_2018_code,37,TOILET ROOM DOORS SELF CLOSING: DRESSING ROOMS WITH LOCKERS PROVIDED: COMPLETE SEPARATION FROM LIVING/SLEEPING QUARTERS,17
Bakery,Risk 2 (Medium),2018_code,41,WIPING CLOTHS: PROPERLY USED & STORED,17
Special Event / Venue,Risk 1 (High),pre_2018_code,32,"FOOD AND NON-FOOD CONTACT SURFACES PROPERLY DESIGNED, CONSTRUCTED AND MAINTAINED",17
Restaurant,Risk 2 (Medium),pre_2018_code,1,"SOURCE SOUND CONDITION, NO SPOILAGE, FOODS PROPERLY LABELED, SHELLFISH TAGS IN PLACE",17
Wholesale / Warehouse / Commissary,Risk 3 (Low),pre_2018_code,32,"FOOD AND NON-FOOD CONTACT SURFACES PROPERLY DESIGNED, CONSTRUCTED AND MAINTAINED",17
Bakery,Risk 2 (Medium),pre_2018_code,31,CLEAN MULTI-USE UTENSILS AND SINGLE SERVICE ARTICLES PROPERLY STORED: NO REUSE OF SINGLE SERVICE ARTICLES,17
Convenience / Gas Station,Risk 3 (Low),2018_code,55,"PHYSICAL FACILITIES INSTALLED, MAINTAINED & CLEAN",17
Grocery Store,Risk 2 (Medium),2018_code,44,"UTENSILS, EQUIPMENT & LINENS: PROPERLY STORED, DRIED, & HANDLED",17
School,Risk 1 (High),2018_code,21,PROPER HOT HOLDING TEMPERATURES,17
Grocery Store,Risk 1 (High),pre_2018_code,28,* INSPECTION REPORT SUMMARY DISPLAYED AND VISIBLE TO ALL CUSTOMERS,17
Special Event / Venue,Risk 1 (High),pre_2018_code,34,"FLOORS: CONSTRUCTED PER CODE, CLEANED, GOOD REPAIR, COVING INSTALLED, DUST-LESS CLEANING METHODS USED",17
Childcare / Daycare,Risk 1 (High),pre_2018_code,10,"SEWAGE AND WASTE WATER DISPOSAL, NO BACK SIPHONAGE, CROSS CONNECTION AND/OR BACK FLOW",17
Wholesale / Warehouse / Commissary,Risk 1 (High),pre_2018_code,32,"FOOD AND NON-FOOD CONTACT SURFACES PROPERLY DESIGNED, CONSTRUCTED AND MAINTAINED",17
Restaurant,Risk 2 (Medium),2018_code,6,"PROPER EATING, TASTING, DRINKING, OR TOBACCO USE",17
Bakery,Risk 1 (High),2018_code,52,SEWAGE & WASTE WATER PROPERLY DISPOSED,17
Mobile Food,Risk 3 (Low),pre_2018_code,40,REFRIGERATION AND METAL STEM THERMOMETERS PROVIDED AND CONSPICUOUS,17
Bakery,Risk 2 (Medium),2018_code,33,PROPER COOLING METHODS USED; ADEQUATE EQUIPMENT FOR TEMPERATURE CONTROL,17
Bakery,Risk 2 (Medium),2018_code,16,FOOD-CONTACT SURFACES: CLEANED & SANITIZED,16
Restaurant,Risk 3 (Low),pre_2018_code,8,"SANITIZING RINSE FOR EQUIPMENT AND UTENSILS: CLEAN, PROPER TEMPERATURE, CONCENTRATION, EXPOSURE TIME",16
Bakery,Risk 1 (High),pre_2018_code,37,TOILET ROOM DOORS SELF CLOSING: DRESSING ROOMS WITH LOCKERS PROVIDED: COMPLETE SEPARATION FROM LIVING/SLEEPING QUARTERS,16
Special Event / Venue,Risk 2 (Medium),pre_2018_code,38,VENTILATION: ROOMS AND EQUIPMENT VENTED AS REQUIRED: PLUMBING: INSTALLED AND MAINTAINED,16
Mobile Food,Risk 2 (Medium),2018_code,39,"CONTAMINATION PREVENTED DURING FOOD PREPARATION, STORAGE & DISPLAY",16
Grocery Store,Risk 1 (High),2018_code,8,HANDS CLEAN & PROPERLY WASHED,16
Mobile Food,Risk 2 (Medium),pre_2018_code,40,REFRIGERATION AND METAL STEM THERMOMETERS PROVIDED AND CONSPICUOUS,16
Restaurant,Risk 2 (Medium),2018_code,46,GLOVES USED PROPERLY,16
Catering / Banquet,Risk 1 (High),2018_code,2,CITY OF CHICAGO FOOD SERVICE SANITATION CERTIFICATE,16
Bakery,Risk 1 (High),2018_code,44,"UTENSILS, EQUIPMENT & LINENS: PROPERLY STORED, DRIED, & HANDLED",16
Restaurant,Risk 2 (Medium),pre_2018_code,39,LINEN: CLEAN AND SOILED PROPERLY STORED,16
School,Risk 2 (Medium),pre_2018_code,29,PREVIOUS MINOR VIOLATION(S) CORRECTED 7-42-090,16
Special Event / Venue,Risk 1 (High),pre_2018_code,35,"WALLS, CEILINGS, ATTACHED EQUIPMENT CONSTRUCTED PER CODE: GOOD REPAIR, SURFACES CLEAN AND DUST-LESS CLEANING METHODS",16
Restaurant,Risk 3 (Low),2018_code,57,ALL FOOD EMPLOYEES HAVE FOOD HANDLER TRAINING,16
Restaurant,Risk 2 (Medium),pre_2018_code,7,WASH AND RINSE WATER: CLEAN AND PROPER TEMPERATURE,16
Bakery,Risk 1 (High),pre_2018_code,43,"FOOD (ICE) DISPENSING UTENSILS, WASH CLOTHS PROPERLY STORED",16
Wholesale / Warehouse / Commissary,Risk 1 (High),2018_code,51,PLUMBING INSTALLED; PROPER BACKFLOW DEVICES,16
Long Term Care / Health,Risk 1 (High),pre_2018_code,12,"HAND WASHING FACILITIES: WITH SOAP AND SANITARY HAND DRYING DEVICES, CONVENIENT AND ACCESSIBLE TO FOOD PREP AREA",16
Special Event / Venue,Risk 2 (Medium),2018_code,10,ADEQUATE HANDWASHING SINKS PROPERLY SUPPLIED AND ACCESSIBLE,16
School,Risk 3 (Low),pre_2018_code,41,"PREMISES MAINTAINED FREE OF LITTER, UNNECESSARY ARTICLES, CLEANING EQUIPMENT PROPERLY STORED",16
Bakery,Risk 2 (Medium),2018_code,40,PERSONAL CLEANLINESS,16
Grocery Store,Risk 3 (Low),pre_2018_code,43,"FOOD (ICE) DISPENSING UTENSILS, WASH CLOTHS PROPERLY STORED",16
School,Risk 2 (Medium),2018_code,54,GARBAGE & REFUSE PROPERLY DISPOSED; FACILITIES MAINTAINED,16
School,Risk 3 (Low),2018_code,10,ADEQUATE HANDWASHING SINKS PROPERLY SUPPLIED AND ACCESSIBLE,16
Restaurant,Risk 3 (Low),2018_code,54,GARBAGE & REFUSE PROPERLY DISPOSED; FACILITIES MAINTAINED,16
Catering / Banquet,Risk 1 (High),pre_2018_code,45,FOOD HANDLER REQUIREMENTS MET,16
School,Risk 3 (Low),pre_2018_code,38,VENTILATION: ROOMS AND EQUIPMENT VENTED AS REQUIRED: PLUMBING: INSTALLED AND MAINTAINED,15
School,Risk 1 (High),pre_2018_code,42,APPROPRIATE METHOD OF HANDLING OF FOOD (ICE) HAIR RESTRAINTS AND CLEAN APPAREL WORN,15
Grocery Store,Risk 1 (High),pre_2018_code,13,"NO EVIDENCE OF RODENT OR INSECT INFESTATION, NO BIRDS, TURTLES OR OTHER ANIMALS",15
Wholesale / Warehouse / Commissary,Risk 1 (High),2018_code,49,NON-FOOD/FOOD CONTACT SURFACES CLEAN,15
Bar / Tavern / Liquor,Risk 3 (Low),2018_code,57,ALL FOOD EMPLOYEES HAVE FOOD HANDLER TRAINING,15
School,Risk 1 (High),2018_code,43,IN-USE UTENSILS: PROPERLY STORED,15
Special Event / Venue,Risk 2 (Medium),pre_2018_code,18,"NO EVIDENCE OF RODENT OR INSECT OUTER OPENINGS PROTECTED/RODENT PROOFED, A WRITTEN LOG SHALL BE MAINTAINED AVAILABLE TO THE INSPECTORS",15
Catering / Banquet,Risk 1 (High),pre_2018_code,40,REFRIGERATION AND METAL STEM THERMOMETERS PROVIDED AND CONSPICUOUS,15
Catering / Banquet,Risk 1 (High),pre_2018_code,24,"DISH WASHING FACILITIES: PROPERLY DESIGNED, CONSTRUCTED, MAINTAINED, INSTALLED, LOCATED AND OPERATED",15
Catering / Banquet,Risk 1 (High),pre_2018_code,2,FACILITIES TO MAINTAIN PROPER TEMPERATURE,15
Bakery,Risk 1 (High),pre_2018_code,11,"ADEQUATE NUMBER, CONVENIENT, ACCESSIBLE, DESIGNED, AND MAINTAINED",15
Wholesale / Warehouse / Commissary,Risk 3 (Low),pre_2018_code,19,"OUTSIDE GARBAGE WASTE GREASE AND STORAGE AREA; CLEAN, RODENT PROOF, ALL CONTAINERS COVERED",15
Catering / Banquet,Risk 1 (High),2018_code,16,FOOD-CONTACT SURFACES: CLEANED & SANITIZED,15
Restaurant,Risk 2 (Medium),2018_code,15,FOOD SEPARATED AND PROTECTED,15
Catering / Banquet,Risk 1 (High),pre_2018_code,37,TOILET ROOM DOORS SELF CLOSING: DRESSING ROOMS WITH LOCKERS PROVIDED: COMPLETE SEPARATION FROM LIVING/SLEEPING QUARTERS,15
Mobile Food,Risk 2 (Medium),2018_code,54,GARBAGE & REFUSE PROPERLY DISPOSED; FACILITIES MAINTAINED,14
Special Event / Venue,Risk 1 (High),pre_2018_code,33,"FOOD AND NON-FOOD CONTACT EQUIPMENT UTENSILS CLEAN, FREE OF ABRASIVE DETERGENTS",14
Restaurant,Risk 2 (Medium),2018_code,28,"TOXIC SUBSTANCES PROPERLY IDENTIFIED, STORED, & USED",14
Bakery,Risk 1 (High),pre_2018_code,2,FACILITIES TO MAINTAIN PROPER TEMPERATURE,14
Long Term Care / Health,Risk 1 (High),pre_2018_code,42,APPROPRIATE METHOD OF HANDLING OF FOOD (ICE) HAIR RESTRAINTS AND CLEAN APPAREL WORN,14
Grocery Store,Risk 2 (Medium),pre_2018_code,25,"TOXIC ITEMS PROPERLY STORED, LABELED AND USED",14
School,Risk 2 (Medium),pre_2018_code,21,* CERTIFIED FOOD MANAGER ON SITE WHEN POTENTIALLY HAZARDOUS FOODS ARE PREPARED AND SERVED,14
Long Term Care / Health,Risk 1 (High),pre_2018_code,70,NO SMOKING REGULATIONS,14
Wholesale / Warehouse / Commissary,Risk 1 (High),pre_2018_code,18,"NO EVIDENCE OF RODENT OR INSECT OUTER OPENINGS PROTECTED/RODENT PROOFED, A WRITTEN LOG SHALL BE MAINTAINED AVAILABLE TO THE INSPECTORS",14
Bakery,Risk 1 (High),2018_code,1,"PERSON IN CHARGE PRESENT, DEMONSTRATES KNOWLEDGE, AND PERFORMS DUTIES",14
Convenience / Gas Station,Risk 3 (Low),pre_2018_code,19,"OUTSIDE GARBAGE WASTE GREASE AND STORAGE AREA; CLEAN, RODENT PROOF, ALL CONTAINERS COVERED",14
School,Risk 1 (High),2018_code,40,PERSONAL CLEANLINESS,14
Grocery Store,Risk 3 (Low),pre_2018_code,20,"INSIDE CONTAINERS OR RECEPTACLES: ADEQUATE NUMBER, PROPERLY COVERED AND INSECT/RODENT PROOF",14
Special Event / Venue,Risk 3 (Low),pre_2018_code,38,VENTILATION: ROOMS AND EQUIPMENT VENTED AS REQUIRED: PLUMBING: INSTALLED AND MAINTAINED,14
Bakery,Risk 1 (High),2018_code,16,FOOD-CONTACT SURFACES: CLEANED & SANITIZED,14
Bar / Tavern / Liquor,Risk 3 (Low),2018_code,39,"CONTAMINATION PREVENTED DURING FOOD PREPARATION, STORAGE & DISPLAY",14
Restaurant,Risk 3 (Low),2018_code,49,NON-FOOD/FOOD CONTACT SURFACES CLEAN,14
Restaurant,Risk 3 (Low),2018_code,16,FOOD-CONTACT SURFACES: CLEANED & SANITIZED,14
School,Risk 1 (High),2018_code,23,PROPER DATE MARKING AND DISPOSITION,14
Long Term Care / Health,Risk 1 (High),2018_code,44,"UTENSILS, EQUIPMENT & LINENS: PROPERLY STORED, DRIED, & HANDLED",14
Mobile Food,Risk 2 (Medium),pre_2018_code,10,"SEWAGE AND WASTE WATER DISPOSAL, NO BACK SIPHONAGE, CROSS CONNECTION AND/OR BACK FLOW",14
Grocery Store,Risk 2 (Medium),2018_code,28,"TOXIC SUBSTANCES PROPERLY IDENTIFIED, STORED, & USED",13
Childcare / Daycare,Risk 1 (High),2018_code,11,FOOD OBTAINED FROM APPROVED SOURCE,13
School,Risk 3 (Low),2018_code,55,"PHYSICAL FACILITIES INSTALLED, MAINTAINED & CLEAN",13
Bakery,Risk 2 (Medium),2018_code,50,HOT & COLD WATER AVAILABLE; ADEQUATE PRESSURE,13
School,Risk 2 (Medium),2018_code,5,PROCEDURES FOR RESPONDING TO VOMITING AND DIARRHEAL EVENTS,13
Wholesale / Warehouse / Commissary,Risk 3 (Low),pre_2018_code,2,FACILITIES TO MAINTAIN PROPER TEMPERATURE,13
Bar / Tavern / Liquor,Risk 3 (Low),pre_2018_code,40,REFRIGERATION AND METAL STEM THERMOMETERS PROVIDED AND CONSPICUOUS,13
Bakery,Risk 2 (Medium),pre_2018_code,9,"WATER SOURCE: SAFE, HOT & COLD UNDER CITY PRESSURE",13
Convenience / Gas Station,Risk 3 (Low),2018_code,49,NON-FOOD/FOOD CONTACT SURFACES CLEAN,13
School,Risk 2 (Medium),pre_2018_code,14,"PREVIOUS SERIOUS VIOLATION CORRECTED, 7-42-090",13
Unknown,Risk 1 (High),2018_code,55,"PHYSICAL FACILITIES INSTALLED, MAINTAINED & CLEAN",13
Restaurant,Risk 2 (Medium),2018_code,62,COMPLIANCE WITH CLEAN INDOOR AIR ORDINANCE,13
Catering / Banquet,Risk 1 (High),2018_code,39,"CONTAMINATION PREVENTED DURING FOOD PREPARATION, STORAGE & DISPLAY",13
Mobile Food,Risk 3 (Low),pre_2018_code,16,"FOOD PROTECTED DURING STORAGE, PREPARATION, DISPLAY, SERVICE AND TRANSPORTATION",13
Grocery Store,Risk 3 (Low),2018_code,64,MISCELLANEOUS / PUBLIC HEALTH ORDERS,13
Childcare / Daycare,Risk 1 (High),pre_2018_code,27,"TOILET ROOMS ENCLOSED CLEAN, PROVIDED WITH HAND CLEANSER, SANITARY HAND DRYING DEVICES AND PROPER WASTE RECEPTACLES",13
Wholesale / Warehouse / Commissary,Risk 2 (Medium),pre_2018_code,11,"ADEQUATE NUMBER, CONVENIENT, ACCESSIBLE, DESIGNED, AND MAINTAINED",13
Childcare / Daycare,Risk 1 (High),2018_code,61,SUMMARY REPORT DISPLAYED AND VISIBLE TO THE PUBLIC,13
Mobile Food,Risk 2 (Medium),2018_code,57,ALL FOOD EMPLOYEES HAVE FOOD HANDLER TRAINING,13
Catering / Banquet,Risk 1 (High),2018_code,36,THERMOMETERS PROVIDED & ACCURATE,13
Grocery Store,Risk 2 (Medium),pre_2018_code,8,"SANITIZING RINSE FOR EQUIPMENT AND UTENSILS: CLEAN, PROPER TEMPERATURE, CONCENTRATION, EXPOSURE TIME",13
Bakery,Risk 2 (Medium),2018_code,22,PROPER COLD HOLDING TEMPERATURES,13
Mobile Food,Risk 2 (Medium),2018_code,22,PROPER COLD HOLDING TEMPERATURES,13
Grocery Store,Risk 2 (Medium),pre_2018_code,39,LINEN: CLEAN AND SOILED PROPERLY STORED,13
Grocery Store,Risk 2 (Medium),pre_2018_code,44,ONLY AUTHORIZED PERSONNEL IN THE FOOD-PREP AREA,13
Catering / Banquet,Risk 1 (High),pre_2018_code,3,"POTENTIALLY HAZARDOUS FOOD MEETS TEMPERATURE REQUIREMENT DURING STORAGE, PREPARATION DISPLAY AND SERVICE",13
Restaurant,Risk 3 (Low),pre_2018_code,12,"HAND WASHING FACILITIES: WITH SOAP AND SANITARY HAND DRYING DEVICES, CONVENIENT AND ACCESSIBLE TO FOOD PREP AREA",13
Wholesale / Warehouse / Commissary,Risk 1 (High),2018_code,2,CITY OF CHICAGO FOOD SERVICE SANITATION CERTIFICATE,12
Bar / Tavern / Liquor,Risk 3 (Low),2018_code,50,HOT & COLD WATER AVAILABLE; ADEQUATE PRESSURE,12
School,Risk 1 (High),pre_2018_code,6,"HANDS WASHED AND CLEANED, GOOD HYGIENIC PRACTICES; NO BARE HAND CONTACT WITH READY-TO-EAT FOODS.",12
Restaurant,Risk 2 (Medium),pre_2018_code,44,ONLY AUTHORIZED PERSONNEL IN THE FOOD-PREP AREA,12
Long Term Care / Health,Risk 1 (High),pre_2018_code,6,"HANDS WASHED AND CLEANED, GOOD HYGIENIC PRACTICES; NO BARE HAND CONTACT WITH READY-TO-EAT FOODS.",12
Bakery,Risk 1 (High),pre_2018_code,8,"SANITIZING RINSE FOR EQUIPMENT AND UTENSILS: CLEAN, PROPER TEMPERATURE, CONCENTRATION, EXPOSURE TIME",12
Restaurant,Risk 2 (Medium),2018_code,13,"FOOD IN GOOD CONDITION, SAFE, & UNADULTERATED",12
Wholesale / Warehouse / Commissary,Risk 1 (High),2018_code,47,"FOOD & NON-FOOD CONTACT SURFACES CLEANABLE, PROPERLY DESIGNED, CONSTRUCTED & USED",12
Special Event / Venue,Risk 3 (Low),2018_code,5,PROCEDURES FOR RESPONDING TO VOMITING AND DIARRHEAL EVENTS,12
School,Risk 3 (Low),pre_2018_code,19,"OUTSIDE GARBAGE WASTE GREASE AND STORAGE AREA; CLEAN, RODENT PROOF, ALL CONTAINERS COVERED",12
Long Term Care / Health,Risk 1 (High),2018_code,58,ALLERGEN TRAINING AS REQUIRED,12
Grocery Store,Risk 1 (High),2018_code,9,NO BARE HAND CONTACT WITH RTE FOOD OR A PRE-APPROVED ALTERNATIVE PROCEDURE PROPERLY ALLOWED,12
Grocery Store,Risk 3 (Low),pre_2018_code,22,"DISH MACHINES: PROVIDED WITH ACCURATE THERMOMETERS, CHEMICAL TEST KITS AND SUITABLE GAUGE COCK",12
Bakery,Risk 2 (Medium),2018_code,23,PROPER DATE MARKING AND DISPOSITION,12
Wholesale / Warehouse / Commissary,Risk 1 (High),pre_2018_code,36,"LIGHTING: REQUIRED MINIMUM FOOT-CANDLES OF LIGHT PROVIDED, FIXTURES SHIELDED",12
Grocery Store,Risk 2 (Medium),2018_code,58,ALLERGEN TRAINING AS REQUIRED,12
School,Risk 3 (Low),2018_code,5,PROCEDURES FOR RESPONDING TO VOMITING AND DIARRHEAL EVENTS,12
Special Event / Venue,Risk 3 (Low),pre_2018_code,35,"WALLS, CEILINGS, ATTACHED EQUIPMENT CONSTRUCTED PER CODE: GOOD REPAIR, SURFACES CLEAN AND DUST-LESS CLEANING METHODS",12
School,Risk 1 (High),2018_code,41,WIPING CLOTHS: PROPERLY USED & STORED,12
Mobile Food,Risk 3 (Low),pre_2018_code,1,"SOURCE SOUND CONDITION, NO SPOILAGE, FOODS PROPERLY LABELED, SHELLFISH TAGS IN PLACE",12
Wholesale / Warehouse / Commissary,Risk 1 (High),2018_code,53,"TOILET FACILITIES: PROPERLY CONSTRUCTED, SUPPLIED, & CLEANED",12
Special Event / Venue,Risk 2 (Medium),2018_code,38,"INSECTS, RODENTS, & ANIMALS NOT PRESENT",12
Special Event / Venue,Risk 3 (Low),2018_code,38,"INSECTS, RODENTS, & ANIMALS NOT PRESENT",12
Special Event / Venue,Risk 2 (Medium),2018_code,5,PROCEDURES FOR RESPONDING TO VOMITING AND DIARRHEAL EVENTS,12
Catering / Banquet,Risk 1 (High),2018_code,23,PROPER DATE MARKING AND DISPOSITION,12
Unknown,Risk 1 (High),2018_code,10,ADEQUATE HANDWASHING SINKS PROPERLY SUPPLIED AND ACCESSIBLE,12
Bakery,Risk 1 (High),pre_2018_code,21,* CERTIFIED FOOD MANAGER ON SITE WHEN POTENTIALLY HAZARDOUS FOODS ARE PREPARED AND SERVED,12
Long Term Care / Health,Risk 1 (High),2018_code,45,SINGLE-USE/SINGLE-SERVICE ARTICLES: PROPERLY STORED & USED,12
Grocery Store,Risk 1 (High),pre_2018_code,4,"SOURCE OF CROSS CONTAMINATION CONTROLLED I.E. CUTTING BOARDS, FOOD HANDLERS, UTENSILS, ETC",11
Bar / Tavern / Liquor,Risk 2 (Medium),2018_code,55,"PHYSICAL FACILITIES INSTALLED, MAINTAINED & CLEAN",11
Long Term Care / Health,Risk 1 (High),2018_code,43,IN-USE UTENSILS: PROPERLY STORED,11
Wholesale / Warehouse / Commissary,Risk 2 (Medium),pre_2018_code,21,* CERTIFIED FOOD MANAGER ON SITE WHEN POTENTIALLY HAZARDOUS FOODS ARE PREPARED AND SERVED,11
Grocery Store,Risk 3 (Low),pre_2018_code,31,CLEAN MULTI-USE UTENSILS AND SINGLE SERVICE ARTICLES PROPERLY STORED: NO REUSE OF SINGLE SERVICE ARTICLES,11
Grocery Store,Risk 2 (Medium),2018_code,13,"FOOD IN GOOD CONDITION, SAFE, & UNADULTERATED",11
Restaurant,Risk 2 (Medium),2018_code,9,NO BARE HAND CONTACT WITH RTE FOOD OR A PRE-APPROVED ALTERNATIVE PROCEDURE PROPERLY ALLOWED,11
Bakery,Risk 2 (Medium),2018_code,59,PREVIOUS PRIORITY FOUNDATION VIOLATION CORRECTED,11
Wholesale / Warehouse / Commissary,Risk 3 (Low),pre_2018_code,40,REFRIGERATION AND METAL STEM THERMOMETERS PROVIDED AND CONSPICUOUS,11
Grocery Store,Risk 3 (Low),2018_code,45,SINGLE-USE/SINGLE-SERVICE ARTICLES: PROPERLY STORED & USED,11
Wholesale / Warehouse / Commissary,Risk 1 (High),2018_code,58,ALLERGEN TRAINING AS REQUIRED,11
Grocery Store,Risk 2 (Medium),2018_code,15,FOOD SEPARATED AND PROTECTED,11
Bakery,Risk 1 (High),pre_2018_code,13,"NO EVIDENCE OF RODENT OR INSECT INFESTATION, NO BIRDS, TURTLES OR OTHER ANIMALS",11
Bar / Tavern / Liquor,Risk 3 (Low),pre_2018_code,70,NO SMOKING REGULATIONS,11
Grocery Store,Risk 2 (Medium),pre_2018_code,27,"TOILET ROOMS ENCLOSED CLEAN, PROVIDED WITH HAND CLEANSER, SANITARY HAND DRYING DEVICES AND PROPER WASTE RECEPTACLES",11
Catering / Banquet,Risk 1 (High),pre_2018_code,43,"FOOD (ICE) DISPENSING UTENSILS, WASH CLOTHS PROPERLY STORED",11
Grocery Store,Risk 3 (Low),2018_code,62,COMPLIANCE WITH CLEAN INDOOR AIR ORDINANCE,11
School,Risk 3 (Low),2018_code,38,"INSECTS, RODENTS, & ANIMALS NOT PRESENT",11
Special Event / Venue,Risk 1 (High),2018_code,48,"WAREWASHING FACILITIES: INSTALLED, MAINTAINED & USED; TEST STRIPS",11
Social Service / Shelter,Risk 1 (High),pre_2018_code,18,"NO EVIDENCE OF RODENT OR INSECT OUTER OPENINGS PROTECTED/RODENT PROOFED, A WRITTEN LOG SHALL BE MAINTAINED AVAILABLE TO THE INSPECTORS",10
Convenience / Gas Station,Risk 2 (Medium),2018_code,55,"PHYSICAL FACILITIES INSTALLED, MAINTAINED & CLEAN",10
Grocery Store,Risk 1 (High),pre_2018_code,7,WASH AND RINSE WATER: CLEAN AND PROPER TEMPERATURE,10
Convenience / Gas Station,Risk 3 (Low),pre_2018_code,2,FACILITIES TO MAINTAIN PROPER TEMPERATURE,10
Bakery,Risk 2 (Medium),pre_2018_code,22,"DISH MACHINES: PROVIDED WITH ACCURATE THERMOMETERS, CHEMICAL TEST KITS AND SUITABLE GAUGE COCK",10
School,Risk 1 (High),2018_code,61,SUMMARY REPORT DISPLAYED AND VISIBLE TO THE PUBLIC,10
Mobile Food,Risk 2 (Medium),pre_2018_code,22,"DISH MACHINES: PROVIDED WITH ACCURATE THERMOMETERS, CHEMICAL TEST KITS AND SUITABLE GAUGE COCK",10
Mobile Food,Risk 2 (Medium),2018_code,60,PREVIOUS CORE VIOLATION CORRECTED,10
School,Risk 1 (High),2018_code,8,HANDS CLEAN & PROPERLY WASHED,10
Unknown,Risk 1 (High),2018_code,38,"INSECTS, RODENTS, & ANIMALS NOT PRESENT",10
Restaurant,Risk 3 (Low),pre_2018_code,45,FOOD HANDLER REQUIREMENTS MET,10
Wholesale / Warehouse / Commissary,Risk 1 (High),2018_code,57,ALL FOOD EMPLOYEES HAVE FOOD HANDLER TRAINING,10
Special Event / Venue,Risk 2 (Medium),2018_code,3,"MANAGEMENT, FOOD EMPLOYEE AND CONDITIONAL EMPLOYEE; KNOWLEDGE, RESPONSIBILITIES AND REPORTING",10
Special Event / Venue,Risk 1 (High),pre_2018_code,41,"PREMISES MAINTAINED FREE OF LITTER, UNNECESSARY ARTICLES, CLEANING EQUIPMENT PROPERLY STORED",10
Wholesale / Warehouse / Commissary,Risk 1 (High),pre_2018_code,41,"PREMISES MAINTAINED FREE OF LITTER, UNNECESSARY ARTICLES, CLEANING EQUIPMENT PROPERLY STORED",10
Catering / Banquet,Risk 1 (High),pre_2018_code,8,"SANITIZING RINSE FOR EQUIPMENT AND UTENSILS: CLEAN, PROPER TEMPERATURE, CONCENTRATION, EXPOSURE TIME",10
Grocery Store,Risk 3 (Low),pre_2018_code,8,"SANITIZING RINSE FOR EQUIPMENT AND UTENSILS: CLEAN, PROPER TEMPERATURE, CONCENTRATION, EXPOSURE TIME",10
Grocery Store,Risk 1 (High),2018_code,62,COMPLIANCE WITH CLEAN INDOOR AIR ORDINANCE,10
Long Term Care / Health,Risk 1 (High),pre_2018_code,45,FOOD HANDLER REQUIREMENTS MET,10
School,Risk 2 (Medium),2018_code,50,HOT & COLD WATER AVAILABLE; ADEQUATE PRESSURE,10
School,Risk 1 (High),2018_code,28,"TOXIC SUBSTANCES PROPERLY IDENTIFIED, STORED, & USED",10
Long Term Care / Health,Risk 1 (High),2018_code,8,HANDS CLEAN & PROPERLY WASHED,10
Special Event / Venue,Risk 3 (Low),2018_code,55,"PHYSICAL FACILITIES INSTALLED, MAINTAINED & CLEAN",10
Wholesale / Warehouse / Commissary,Risk 1 (High),2018_code,56,ADEQUATE VENTILATION & LIGHTING; DESIGNATED AREAS USED,10
Social Service / Shelter,Risk 1 (High),2018_code,38,"INSECTS, RODENTS, & ANIMALS NOT PRESENT",10
Bakery,Risk 1 (High),2018_code,43,IN-USE UTENSILS: PROPERLY STORED,10
Catering / Banquet,Risk 1 (High),pre_2018_code,12,"HAND WASHING FACILITIES: WITH SOAP AND SANITARY HAND DRYING DEVICES, CONVENIENT AND ACCESSIBLE TO FOOD PREP AREA",10
Convenience / Gas Station,Risk 3 (Low),2018_code,36,THERMOMETERS PROVIDED & ACCURATE,10
Bar / Tavern / Liquor,Risk 2 (Medium),2018_code,38,"INSECTS, RODENTS, & ANIMALS NOT PRESENT",10
Catering / Banquet,Risk 3 (Low),2018_code,55,"PHYSICAL FACILITIES INSTALLED, MAINTAINED & CLEAN",10
Special Event / Venue,Risk 1 (High),2018_code,10,ADEQUATE HANDWASHING SINKS PROPERLY SUPPLIED AND ACCESSIBLE,10
Special Event / Venue,Risk 1 (High),pre_2018_code,3,"POTENTIALLY HAZARDOUS FOOD MEETS TEMPERATURE REQUIREMENT DURING STORAGE, PREPARATION DISPLAY AND SERVICE",10
Grocery Store,Risk 2 (Medium),2018_code,62,COMPLIANCE WITH CLEAN INDOOR AIR ORDINANCE,10
Long Term Care / Health,Risk 1 (High),pre_2018_code,22,"DISH MACHINES: PROVIDED WITH ACCURATE THERMOMETERS, CHEMICAL TEST KITS AND SUITABLE GAUGE COCK",10
Catering / Banquet,Risk 1 (High),2018_code,44,"UTENSILS, EQUIPMENT & LINENS: PROPERLY STORED, DRIED, & HANDLED",10
Convenience / Gas Station,Risk 3 (Low),2018_code,48,"WAREWASHING FACILITIES: INSTALLED, MAINTAINED & USED; TEST STRIPS",10
Long Term Care / Health,Risk 1 (High),2018_code,50,HOT & COLD WATER AVAILABLE; ADEQUATE PRESSURE,10
Grocery Store,Risk 3 (Low),2018_code,28,"TOXIC SUBSTANCES PROPERLY IDENTIFIED, STORED, & USED",10
Mobile Food,Risk 2 (Medium),pre_2018_code,3,"POTENTIALLY HAZARDOUS FOOD MEETS TEMPERATURE REQUIREMENT DURING STORAGE, PREPARATION DISPLAY AND SERVICE",9
School,Risk 3 (Low),pre_2018_code,14,"PREVIOUS SERIOUS VIOLATION CORRECTED, 7-42-090",9
Special Event / Venue,Risk 2 (Medium),pre_2018_code,33,"FOOD AND NON-FOOD CONTACT EQUIPMENT UTENSILS CLEAN, FREE OF ABRASIVE DETERGENTS",9
School,Risk 3 (Low),2018_code,3,"MANAGEMENT, FOOD EMPLOYEE AND CONDITIONAL EMPLOYEE; KNOWLEDGE, RESPONSIBILITIES AND REPORTING",9
Long Term Care / Health,Risk 1 (High),pre_2018_code,43,"FOOD (ICE) DISPENSING UTENSILS, WASH CLOTHS PROPERLY STORED",9
Grocery Store,Risk 1 (High),pre_2018_code,39,LINEN: CLEAN AND SOILED PROPERLY STORED,9
Bakery,Risk 1 (High),pre_2018_code,6,"HANDS WASHED AND CLEANED, GOOD HYGIENIC PRACTICES; NO BARE HAND CONTACT WITH READY-TO-EAT FOODS.",9
Bakery,Risk 1 (High),pre_2018_code,19,"OUTSIDE GARBAGE WASTE GREASE AND STORAGE AREA; CLEAN, RODENT PROOF, ALL CONTAINERS COVERED",9
Grocery Store,Risk 1 (High),2018_code,64,MISCELLANEOUS / PUBLIC HEALTH ORDERS,9
Restaurant,Risk 1 (High),pre_2018_code,5,"PERSONNEL WITH INFECTIONS RESTRICTED: NO OPEN SORES, WOUNDS, ETC",9
Mobile Food,Risk 2 (Medium),pre_2018_code,36,"LIGHTING: REQUIRED MINIMUM FOOT-CANDLES OF LIGHT PROVIDED, FIXTURES SHIELDED",9
Special Event / Venue,Risk 3 (Low),pre_2018_code,34,"FLOORS: CONSTRUCTED PER CODE, CLEANED, GOOD REPAIR, COVING INSTALLED, DUST-LESS CLEANING METHODS USED",9
Mobile Food,Risk 3 (Low),2018_code,38,"INSECTS, RODENTS, & ANIMALS NOT PRESENT",9
Catering / Banquet,Risk 1 (High),pre_2018_code,26,"ADEQUATE NUMBER, CONVENIENT, ACCESSIBLE, PROPERLY DESIGNED AND INSTALLED",9
Wholesale / Warehouse / Commissary,Risk 3 (Low),pre_2018_code,11,"ADEQUATE NUMBER, CONVENIENT, ACCESSIBLE, DESIGNED, AND MAINTAINED",9
Social Service / Shelter,Risk 1 (High),pre_2018_code,35,"WALLS, CEILINGS, ATTACHED EQUIPMENT CONSTRUCTED PER CODE: GOOD REPAIR, SURFACES CLEAN AND DUST-LESS CLEANING METHODS",9
Restaurant,Risk 3 (Low),pre_2018_code,43,"FOOD (ICE) DISPENSING UTENSILS, WASH CLOTHS PROPERLY STORED",9
Special Event / Venue,Risk 1 (High),pre_2018_code,2,FACILITIES TO MAINTAIN PROPER TEMPERATURE,9
Mobile Food,Risk 1 (High),pre_2018_code,38,VENTILATION: ROOMS AND EQUIPMENT VENTED AS REQUIRED: PLUMBING: INSTALLED AND MAINTAINED,9
Childcare / Daycare,Risk 1 (High),pre_2018_code,6,"HANDS WASHED AND CLEANED, GOOD HYGIENIC PRACTICES; NO BARE HAND CONTACT WITH READY-TO-EAT FOODS.",9
Mobile Food,Risk 2 (Medium),2018_code,56,ADEQUATE VENTILATION & LIGHTING; DESIGNATED AREAS USED,9
Special Event / Venue,Risk 1 (High),pre_2018_code,36,"LIGHTING: REQUIRED MINIMUM FOOT-CANDLES OF LIGHT PROVIDED, FIXTURES SHIELDED",9
Special Event / Venue,Risk 3 (Low),2018_code,51,PLUMBING INSTALLED; PROPER BACKFLOW DEVICES,9
Mobile Food,Risk 2 (Medium),2018_code,21,PROPER HOT HOLDING TEMPERATURES,9
School,Risk 3 (Low),pre_2018_code,26,"ADEQUATE NUMBER, CONVENIENT, ACCESSIBLE, PROPERLY DESIGNED AND INSTALLED",9
Wholesale / Warehouse / Commissary,Risk 1 (High),pre_2018_code,37,TOILET ROOM DOORS SELF CLOSING: DRESSING ROOMS WITH LOCKERS PROVIDED: COMPLETE SEPARATION FROM LIVING/SLEEPING QUARTERS,9
Unknown,Risk 1 (High),2018_code,58,ALLERGEN TRAINING AS REQUIRED,9
Convenience / Gas Station,Risk 2 (Medium),2018_code,38,"INSECTS, RODENTS, & ANIMALS NOT PRESENT",9
Unknown,Risk 1 (High),2018_code,5,PROCEDURES FOR RESPONDING TO VOMITING AND DIARRHEAL EVENTS,9
Social Service / Shelter,Risk 1 (High),2018_code,3,"MANAGEMENT, FOOD EMPLOYEE AND CONDITIONAL EMPLOYEE; KNOWLEDGE, RESPONSIBILITIES AND REPORTING",9
Convenience / Gas Station,Risk 3 (Low),2018_code,51,PLUMBING INSTALLED; PROPER BACKFLOW DEVICES,9
Special Event / Venue,Risk 3 (Low),pre_2018_code,32,"FOOD AND NON-FOOD CONTACT SURFACES PROPERLY DESIGNED, CONSTRUCTED AND MAINTAINED",9
Special Event / Venue,Risk 2 (Medium),2018_code,55,"PHYSICAL FACILITIES INSTALLED, MAINTAINED & CLEAN",9
Bar / Tavern / Liquor,Risk 3 (Low),2018_code,33,PROPER COOLING METHODS USED; ADEQUATE EQUIPMENT FOR TEMPERATURE CONTROL,9
Grocery Store,Risk 1 (High),2018_code,6,"PROPER EATING, TASTING, DRINKING, OR TOBACCO USE",9
School,Risk 2 (Medium),pre_2018_code,40,REFRIGERATION AND METAL STEM THERMOMETERS PROVIDED AND CONSPICUOUS,9
Wholesale / Warehouse / Commissary,Risk 1 (High),pre_2018_code,19,"OUTSIDE GARBAGE WASTE GREASE AND STORAGE AREA; CLEAN, RODENT PROOF, ALL CONTAINERS COVERED",9
Other,Risk 2 (Medium),2018_code,5,PROCEDURES FOR RESPONDING TO VOMITING AND DIARRHEAL EVENTS,9
Unknown,Risk 1 (High),2018_code,48,"WAREWASHING FACILITIES: INSTALLED, MAINTAINED & USED; TEST STRIPS",9
Convenience / Gas Station,Risk 3 (Low),pre_2018_code,24,"DISH WASHING FACILITIES: PROPERLY DESIGNED, CONSTRUCTED, MAINTAINED, INSTALLED, LOCATED AND OPERATED",9
Restaurant,Risk 3 (Low),2018_code,52,SEWAGE & WASTE WATER PROPERLY DISPOSED,9
Bar / Tavern / Liquor,Risk 3 (Low),pre_2018_code,9,"WATER SOURCE: SAFE, HOT & COLD UNDER CITY PRESSURE",9
Grocery Store,Risk 3 (Low),2018_code,41,WIPING CLOTHS: PROPERLY USED & STORED,9
Special Event / Venue,Risk 2 (Medium),pre_2018_code,34,"FLOORS: CONSTRUCTED PER CODE, CLEANED, GOOD REPAIR, COVING INSTALLED, DUST-LESS CLEANING METHODS USED",9
Bakery,Risk 2 (Medium),pre_2018_code,10,"SEWAGE AND WASTE WATER DISPOSAL, NO BACK SIPHONAGE, CROSS CONNECTION AND/OR BACK FLOW",9
Bakery,Risk 2 (Medium),2018_code,58,ALLERGEN TRAINING AS REQUIRED,9
Catering / Banquet,Risk 1 (High),pre_2018_code,22,"DISH MACHINES: PROVIDED WITH ACCURATE THERMOMETERS, CHEMICAL TEST KITS AND SUITABLE GAUGE COCK",9
Unknown,Risk 1 (High),2018_code,3,"MANAGEMENT, FOOD EMPLOYEE AND CONDITIONAL EMPLOYEE; KNOWLEDGE, RESPONSIBILITIES AND REPORTING",9
Restaurant,Risk 3 (Low),pre_2018_code,31,CLEAN MULTI-USE UTENSILS AND SINGLE SERVICE ARTICLES PROPERLY STORED: NO REUSE OF SINGLE SERVICE ARTICLES,9
Catering / Banquet,Risk 3 (Low),2018_code,48,"WAREWASHING FACILITIES: INSTALLED, MAINTAINED & USED; TEST STRIPS",9
Mobile Food,Risk 1 (High),pre_2018_code,18,"NO EVIDENCE OF RODENT OR INSECT OUTER OPENINGS PROTECTED/RODENT PROOFED, A WRITTEN LOG SHALL BE MAINTAINED AVAILABLE TO THE INSPECTORS",9
Grocery Store,Risk 2 (Medium),pre_2018_code,4,"SOURCE OF CROSS CONTAMINATION CONTROLLED I.E. CUTTING BOARDS, FOOD HANDLERS, UTENSILS, ETC",9
Unknown,Risk 3 (Low),pre_2018_code,35,"WALLS, CEILINGS, ATTACHED EQUIPMENT CONSTRUCTED PER CODE: GOOD REPAIR, SURFACES CLEAN AND DUST-LESS CLEANING METHODS",9
School,Risk 3 (Low),2018_code,51,PLUMBING INSTALLED; PROPER BACKFLOW DEVICES,9
School,Risk 3 (Low),2018_code,49,NON-FOOD/FOOD CONTACT SURFACES CLEAN,9
School,Risk 1 (High),pre_2018_code,28,* INSPECTION REPORT SUMMARY DISPLAYED AND VISIBLE TO ALL CUSTOMERS,9
Restaurant,Risk 1 (High),2018_code,63,REMOVAL OF SUSPENSION SIGN,9
Social Service / Shelter,Risk 1 (High),pre_2018_code,34,"FLOORS: CONSTRUCTED PER CODE, CLEANED, GOOD REPAIR, COVING INSTALLED, DUST-LESS CLEANING METHODS USED",9
Bar / Tavern / Liquor,Risk 2 (Medium),pre_2018_code,38,VENTILATION: ROOMS AND EQUIPMENT VENTED AS REQUIRED: PLUMBING: INSTALLED AND MAINTAINED,9
Long Term Care / Health,Risk 1 (High),2018_code,61,SUMMARY REPORT DISPLAYED AND VISIBLE TO THE PUBLIC,8
Convenience / Gas Station,Risk 3 (Low),pre_2018_code,37,TOILET ROOM DOORS SELF CLOSING: DRESSING ROOMS WITH LOCKERS PROVIDED: COMPLETE SEPARATION FROM LIVING/SLEEPING QUARTERS,8
Childcare / Daycare,Risk 1 (High),2018_code,28,"TOXIC SUBSTANCES PROPERLY IDENTIFIED, STORED, & USED",8
Restaurant,Risk 3 (Low),2018_code,56,ADEQUATE VENTILATION & LIGHTING; DESIGNATED AREAS USED,8
Bakery,Risk 1 (High),2018_code,25,CONSUMER ADVISORY PROVIDED FOR RAW/UNDERCOOKED FOOD,8
Restaurant,Risk 3 (Low),2018_code,39,"CONTAMINATION PREVENTED DURING FOOD PREPARATION, STORAGE & DISPLAY",8
Special Event / Venue,Risk 3 (Low),pre_2018_code,11,"ADEQUATE NUMBER, CONVENIENT, ACCESSIBLE, DESIGNED, AND MAINTAINED",8
Bar / Tavern / Liquor,Risk 2 (Medium),2018_code,3,"MANAGEMENT, FOOD EMPLOYEE AND CONDITIONAL EMPLOYEE; KNOWLEDGE, RESPONSIBILITIES AND REPORTING",8
Wholesale / Warehouse / Commissary,Risk 1 (High),2018_code,54,GARBAGE & REFUSE PROPERLY DISPOSED; FACILITIES MAINTAINED,8
Special Event / Venue,Risk 3 (Low),2018_code,10,ADEQUATE HANDWASHING SINKS PROPERLY SUPPLIED AND ACCESSIBLE,8
Catering / Banquet,Risk 1 (High),pre_2018_code,13,"NO EVIDENCE OF RODENT OR INSECT INFESTATION, NO BIRDS, TURTLES OR OTHER ANIMALS",8
Grocery Store,Risk 2 (Medium),2018_code,6,"PROPER EATING, TASTING, DRINKING, OR TOBACCO USE",8
Restaurant,Risk 3 (Low),pre_2018_code,26,"ADEQUATE NUMBER, CONVENIENT, ACCESSIBLE, PROPERLY DESIGNED AND INSTALLED",8
School,Risk 3 (Low),pre_2018_code,32,"FOOD AND NON-FOOD CONTACT SURFACES PROPERLY DESIGNED, CONSTRUCTED AND MAINTAINED",8
Social Service / Shelter,Risk 1 (High),pre_2018_code,32,"FOOD AND NON-FOOD CONTACT SURFACES PROPERLY DESIGNED, CONSTRUCTED AND MAINTAINED",8
Childcare / Daycare,Risk 1 (High),pre_2018_code,1,"SOURCE SOUND CONDITION, NO SPOILAGE, FOODS PROPERLY LABELED, SHELLFISH TAGS IN PLACE",8
Social Service / Shelter,Risk 1 (High),pre_2018_code,33,"FOOD AND NON-FOOD CONTACT EQUIPMENT UTENSILS CLEAN, FREE OF ABRASIVE DETERGENTS",8
Special Event / Venue,Risk 1 (High),pre_2018_code,40,REFRIGERATION AND METAL STEM THERMOMETERS PROVIDED AND CONSPICUOUS,8
School,Risk 3 (Low),pre_2018_code,37,TOILET ROOM DOORS SELF CLOSING: DRESSING ROOMS WITH LOCKERS PROVIDED: COMPLETE SEPARATION FROM LIVING/SLEEPING QUARTERS,8
Wholesale / Warehouse / Commissary,Risk 1 (High),pre_2018_code,11,"ADEQUATE NUMBER, CONVENIENT, ACCESSIBLE, DESIGNED, AND MAINTAINED",8
Bar / Tavern / Liquor,Risk 3 (Low),2018_code,43,IN-USE UTENSILS: PROPERLY STORED,8
Special Event / Venue,Risk 3 (Low),2018_code,48,"WAREWASHING FACILITIES: INSTALLED, MAINTAINED & USED; TEST STRIPS",8
Grocery Store,Risk 3 (Low),pre_2018_code,25,"TOXIC ITEMS PROPERLY STORED, LABELED AND USED",8
Convenience / Gas Station,Risk 2 (Medium),2018_code,10,ADEQUATE HANDWASHING SINKS PROPERLY SUPPLIED AND ACCESSIBLE,8
Mobile Food,Risk 3 (Low),pre_2018_code,33,"FOOD AND NON-FOOD CONTACT EQUIPMENT UTENSILS CLEAN, FREE OF ABRASIVE DETERGENTS",8
Long Term Care / Health,Risk 1 (High),2018_code,21,PROPER HOT HOLDING TEMPERATURES,8
Grocery Store,Risk 2 (Medium),2018_code,35,APPROVED THAWING METHODS USED,8
Grocery Store,Risk 2 (Medium),2018_code,8,HANDS CLEAN & PROPERLY WASHED,8
Long Term Care / Health,Risk 1 (High),pre_2018_code,14,"PREVIOUS SERIOUS VIOLATION CORRECTED, 7-42-090",8
Special Event / Venue,Risk 1 (High),pre_2018_code,12,"HAND WASHING FACILITIES: WITH SOAP AND SANITARY HAND DRYING DEVICES, CONVENIENT AND ACCESSIBLE TO FOOD PREP AREA",8
Grocery Store,Risk 2 (Medium),2018_code,11,FOOD OBTAINED FROM APPROVED SOURCE,8
School,Risk 1 (High),2018_code,12,FOOD RECEIVED AT PROPER TEMPERATURE,8
Bakery,Risk 1 (High),2018_code,21,PROPER HOT HOLDING TEMPERATURES,8
Special Event / Venue,Risk 1 (High),2018_code,38,"INSECTS, RODENTS, & ANIMALS NOT PRESENT",8
Catering / Banquet,Risk 1 (High),2018_code,22,PROPER COLD HOLDING TEMPERATURES,8
Bakery,Risk 1 (High),pre_2018_code,12,"HAND WASHING FACILITIES: WITH SOAP AND SANITARY HAND DRYING DEVICES, CONVENIENT AND ACCESSIBLE TO FOOD PREP AREA",8
Convenience / Gas Station,Risk 2 (Medium),2018_code,57,ALL FOOD EMPLOYEES HAVE FOOD HANDLER TRAINING,8
Bakery,Risk 2 (Medium),pre_2018_code,43,"FOOD (ICE) DISPENSING UTENSILS, WASH CLOTHS PROPERLY STORED",8
Wholesale / Warehouse / Commissary,Risk 2 (Medium),pre_2018_code,19,"OUTSIDE GARBAGE WASTE GREASE AND STORAGE AREA; CLEAN, RODENT PROOF, ALL CONTAINERS COVERED",8
Special Event / Venue,Risk 2 (Medium),pre_2018_code,35,"WALLS, CEILINGS, ATTACHED EQUIPMENT CONSTRUCTED PER CODE: GOOD REPAIR, SURFACES CLEAN AND DUST-LESS CLEANING METHODS",8
Bakery,Risk 1 (High),2018_code,59,PREVIOUS PRIORITY FOUNDATION VIOLATION CORRECTED,8
Restaurant,Risk 2 (Medium),2018_code,11,FOOD OBTAINED FROM APPROVED SOURCE,8
Mobile Food,Risk 2 (Medium),pre_2018_code,45,FOOD HANDLER REQUIREMENTS MET,8
School,Risk 2 (Medium),pre_2018_code,37,TOILET ROOM DOORS SELF CLOSING: DRESSING ROOMS WITH LOCKERS PROVIDED: COMPLETE SEPARATION FROM LIVING/SLEEPING QUARTERS,8
Special Event / Venue,Risk 2 (Medium),pre_2018_code,11,"ADEQUATE NUMBER, CONVENIENT, ACCESSIBLE, DESIGNED, AND MAINTAINED",8
Catering / Banquet,Risk 3 (Low),2018_code,5,PROCEDURES FOR RESPONDING TO VOMITING AND DIARRHEAL EVENTS,8
Bar / Tavern / Liquor,Risk 3 (Low),pre_2018_code,22,"DISH MACHINES: PROVIDED WITH ACCURATE THERMOMETERS, CHEMICAL TEST KITS AND SUITABLE GAUGE COCK",8
Grocery Store,Risk 3 (Low),2018_code,44,"UTENSILS, EQUIPMENT & LINENS: PROPERLY STORED, DRIED, & HANDLED",8
Bakery,Risk 1 (High),2018_code,45,SINGLE-USE/SINGLE-SERVICE ARTICLES: PROPERLY STORED & USED,8
Unknown,Risk 3 (Low),pre_2018_code,18,"NO EVIDENCE OF RODENT OR INSECT OUTER OPENINGS PROTECTED/RODENT PROOFED, A WRITTEN LOG SHALL BE MAINTAINED AVAILABLE TO THE INSPECTORS",8
Catering / Banquet,Risk 1 (High),2018_code,41,WIPING CLOTHS: PROPERLY USED & STORED,8
Convenience / Gas Station,Risk 3 (Low),2018_code,54,GARBAGE & REFUSE PROPERLY DISPOSED; FACILITIES MAINTAINED,8
Grocery Store,Risk 3 (Low),2018_code,23,PROPER DATE MARKING AND DISPOSITION,8
Childcare / Daycare,Risk 1 (High),pre_2018_code,7,WASH AND RINSE WATER: CLEAN AND PROPER TEMPERATURE,7
Bakery,Risk 2 (Medium),pre_2018_code,14,"PREVIOUS SERIOUS VIOLATION CORRECTED, 7-42-090",7
Wholesale / Warehouse / Commissary,Risk 3 (Low),pre_2018_code,9,"WATER SOURCE: SAFE, HOT & COLD UNDER CITY PRESSURE",7
Unknown,Risk 1 (High),2018_code,47,"FOOD & NON-FOOD CONTACT SURFACES CLEANABLE, PROPERLY DESIGNED, CONSTRUCTED & USED",7
Special Event / Venue,Risk 3 (Low),pre_2018_code,41,"PREMISES MAINTAINED FREE OF LITTER, UNNECESSARY ARTICLES, CLEANING EQUIPMENT PROPERLY STORED",7
Catering / Banquet,Risk 1 (High),pre_2018_code,6,"HANDS WASHED AND CLEANED, GOOD HYGIENIC PRACTICES; NO BARE HAND CONTACT WITH READY-TO-EAT FOODS.",7
Catering / Banquet,Risk 3 (Low),2018_code,16,FOOD-CONTACT SURFACES: CLEANED & SANITIZED,7
Wholesale / Warehouse / Commissary,Risk 2 (Medium),pre_2018_code,37,TOILET ROOM DOORS SELF CLOSING: DRESSING ROOMS WITH LOCKERS PROVIDED: COMPLETE SEPARATION FROM LIVING/SLEEPING QUARTERS,7
Long Term Care / Health,Risk 1 (High),2018_code,40,PERSONAL CLEANLINESS,7
Mobile Food,Risk 2 (Medium),pre_2018_code,41,"PREMISES MAINTAINED FREE OF LITTER, UNNECESSARY ARTICLES, CLEANING EQUIPMENT PROPERLY STORED",7
Special Event / Venue,Risk 2 (Medium),pre_2018_code,32,"FOOD AND NON-FOOD CONTACT SURFACES PROPERLY DESIGNED, CONSTRUCTED AND MAINTAINED",7
School,Risk 2 (Medium),pre_2018_code,11,"ADEQUATE NUMBER, CONVENIENT, ACCESSIBLE, DESIGNED, AND MAINTAINED",7
Special Event / Venue,Risk 1 (High),pre_2018_code,16,"FOOD PROTECTED DURING STORAGE, PREPARATION, DISPLAY, SERVICE AND TRANSPORTATION",7
Social Service / Shelter,Risk 1 (High),pre_2018_code,38,VENTILATION: ROOMS AND EQUIPMENT VENTED AS REQUIRED: PLUMBING: INSTALLED AND MAINTAINED,7
Convenience / Gas Station,Risk 2 (Medium),2018_code,3,"MANAGEMENT, FOOD EMPLOYEE AND CONDITIONAL EMPLOYEE; KNOWLEDGE, RESPONSIBILITIES AND REPORTING",7
School,Risk 2 (Medium),2018_code,47,"FOOD & NON-FOOD CONTACT SURFACES CLEANABLE, PROPERLY DESIGNED, CONSTRUCTED & USED",7
Bar / Tavern / Liquor,Risk 2 (Medium),2018_code,5,PROCEDURES FOR RESPONDING TO VOMITING AND DIARRHEAL EVENTS,7
Social Service / Shelter,Risk 1 (High),2018_code,48,"WAREWASHING FACILITIES: INSTALLED, MAINTAINED & USED; TEST STRIPS",7
Convenience / Gas Station,Risk 2 (Medium),2018_code,49,NON-FOOD/FOOD CONTACT SURFACES CLEAN,7
Grocery Store,Risk 1 (High),2018_code,46,GLOVES USED PROPERLY,7
School,Risk 2 (Medium),2018_code,59,PREVIOUS PRIORITY FOUNDATION VIOLATION CORRECTED,7
Catering / Banquet,Risk 1 (High),2018_code,50,HOT & COLD WATER AVAILABLE; ADEQUATE PRESSURE,7
Grocery Store,Risk 1 (High),pre_2018_code,70,NO SMOKING REGULATIONS,7
Convenience / Gas Station,Risk 2 (Medium),2018_code,2,CITY OF CHICAGO FOOD SERVICE SANITATION CERTIFICATE,7
Bar / Tavern / Liquor,Risk 3 (Low),pre_2018_code,13,"NO EVIDENCE OF RODENT OR INSECT INFESTATION, NO BIRDS, TURTLES OR OTHER ANIMALS",7
Social Service / Shelter,Risk 1 (High),2018_code,55,"PHYSICAL FACILITIES INSTALLED, MAINTAINED & CLEAN",7
Catering / Banquet,Risk 1 (High),pre_2018_code,42,APPROPRIATE METHOD OF HANDLING OF FOOD (ICE) HAIR RESTRAINTS AND CLEAN APPAREL WORN,7
Bar / Tavern / Liquor,Risk 3 (Low),2018_code,52,SEWAGE & WASTE WATER PROPERLY DISPOSED,7
Convenience / Gas Station,Risk 3 (Low),pre_2018_code,26,"ADEQUATE NUMBER, CONVENIENT, ACCESSIBLE, PROPERLY DESIGNED AND INSTALLED",7
School,Risk 3 (Low),2018_code,48,"WAREWASHING FACILITIES: INSTALLED, MAINTAINED & USED; TEST STRIPS",7
Wholesale / Warehouse / Commissary,Risk 2 (Medium),pre_2018_code,10,"SEWAGE AND WASTE WATER DISPOSAL, NO BACK SIPHONAGE, CROSS CONNECTION AND/OR BACK FLOW",7
Restaurant,Risk 2 (Medium),pre_2018_code,25,"TOXIC ITEMS PROPERLY STORED, LABELED AND USED",7
Special Event / Venue,Risk 1 (High),pre_2018_code,9,"WATER SOURCE: SAFE, HOT & COLD UNDER CITY PRESSURE",7
Special Event / Venue,Risk 1 (High),pre_2018_code,11,"ADEQUATE NUMBER, CONVENIENT, ACCESSIBLE, DESIGNED, AND MAINTAINED",7
Wholesale / Warehouse / Commissary,Risk 1 (High),2018_code,3,"MANAGEMENT, FOOD EMPLOYEE AND CONDITIONAL EMPLOYEE; KNOWLEDGE, RESPONSIBILITIES AND REPORTING",7
Special Event / Venue,Risk 1 (High),2018_code,16,FOOD-CONTACT SURFACES: CLEANED & SANITIZED,7
School,Risk 3 (Low),2018_code,50,HOT & COLD WATER AVAILABLE; ADEQUATE PRESSURE,7
Special Event / Venue,Risk 1 (High),2018_code,56,ADEQUATE VENTILATION & LIGHTING; DESIGNATED AREAS USED,7
Bakery,Risk 2 (Medium),2018_code,44,"UTENSILS, EQUIPMENT & LINENS: PROPERLY STORED, DRIED, & HANDLED",7
Convenience / Gas Station,Risk 3 (Low),pre_2018_code,36,"LIGHTING: REQUIRED MINIMUM FOOT-CANDLES OF LIGHT PROVIDED, FIXTURES SHIELDED",7
School,Risk 3 (Low),pre_2018_code,21,* CERTIFIED FOOD MANAGER ON SITE WHEN POTENTIALLY HAZARDOUS FOODS ARE PREPARED AND SERVED,7
Bar / Tavern / Liquor,Risk 3 (Low),pre_2018_code,27,"TOILET ROOMS ENCLOSED CLEAN, PROVIDED WITH HAND CLEANSER, SANITARY HAND DRYING DEVICES AND PROPER WASTE RECEPTACLES",7
Restaurant,Risk 3 (Low),2018_code,33,PROPER COOLING METHODS USED; ADEQUATE EQUIPMENT FOR TEMPERATURE CONTROL,7
Restaurant,Risk 3 (Low),2018_code,50,HOT & COLD WATER AVAILABLE; ADEQUATE PRESSURE,7
Bakery,Risk 1 (High),2018_code,61,SUMMARY REPORT DISPLAYED AND VISIBLE TO THE PUBLIC,7
Mobile Food,Risk 2 (Medium),pre_2018_code,11,"ADEQUATE NUMBER, CONVENIENT, ACCESSIBLE, DESIGNED, AND MAINTAINED",7
Bar / Tavern / Liquor,Risk 3 (Low),pre_2018_code,10,"SEWAGE AND WASTE WATER DISPOSAL, NO BACK SIPHONAGE, CROSS CONNECTION AND/OR BACK FLOW",7
Mobile Food,Risk 2 (Medium),pre_2018_code,12,"HAND WASHING FACILITIES: WITH SOAP AND SANITARY HAND DRYING DEVICES, CONVENIENT AND ACCESSIBLE TO FOOD PREP AREA",7
Bar / Tavern / Liquor,Risk 2 (Medium),pre_2018_code,18,"NO EVIDENCE OF RODENT OR INSECT OUTER OPENINGS PROTECTED/RODENT PROOFED, A WRITTEN LOG SHALL BE MAINTAINED AVAILABLE TO THE INSPECTORS",7
School,Risk 1 (High),pre_2018_code,44,ONLY AUTHORIZED PERSONNEL IN THE FOOD-PREP AREA,7
Childcare / Daycare,Risk 1 (High),2018_code,58,ALLERGEN TRAINING AS REQUIRED,7
Convenience / Gas Station,Risk 2 (Medium),2018_code,5,PROCEDURES FOR RESPONDING TO VOMITING AND DIARRHEAL EVENTS,7
Special Event / Venue,Risk 1 (High),pre_2018_code,43,"FOOD (ICE) DISPENSING UTENSILS, WASH CLOTHS PROPERLY STORED",7
Special Event / Venue,Risk 2 (Medium),2018_code,36,THERMOMETERS PROVIDED & ACCURATE,7
Special Event / Venue,Risk 1 (High),2018_code,3,"MANAGEMENT, FOOD EMPLOYEE AND CONDITIONAL EMPLOYEE; KNOWLEDGE, RESPONSIBILITIES AND REPORTING",7
Grocery Store,Risk 2 (Medium),pre_2018_code,7,WASH AND RINSE WATER: CLEAN AND PROPER TEMPERATURE,7
Childcare / Daycare,Risk 1 (High),pre_2018_code,70,NO SMOKING REGULATIONS,7
Bakery,Risk 1 (High),pre_2018_code,22,"DISH MACHINES: PROVIDED WITH ACCURATE THERMOMETERS, CHEMICAL TEST KITS AND SUITABLE GAUGE COCK",7
Social Service / Shelter,Risk 1 (High),2018_code,5,PROCEDURES FOR RESPONDING TO VOMITING AND DIARRHEAL EVENTS,7
Other,Risk 2 (Medium),2018_code,3,"MANAGEMENT, FOOD EMPLOYEE AND CONDITIONAL EMPLOYEE; KNOWLEDGE, RESPONSIBILITIES AND REPORTING",7
Childcare / Daycare,Risk 1 (High),pre_2018_code,43,"FOOD (ICE) DISPENSING UTENSILS, WASH CLOTHS PROPERLY STORED",7
Restaurant,Risk 3 (Low),pre_2018_code,42,APPROPRIATE METHOD OF HANDLING OF FOOD (ICE) HAIR RESTRAINTS AND CLEAN APPAREL WORN,7
Bakery,Risk 1 (High),pre_2018_code,14,"PREVIOUS SERIOUS VIOLATION CORRECTED, 7-42-090",7
Other,Risk 3 (Low),pre_2018_code,18,"NO EVIDENCE OF RODENT OR INSECT OUTER OPENINGS PROTECTED/RODENT PROOFED, A WRITTEN LOG SHALL BE MAINTAINED AVAILABLE TO THE INSPECTORS",7
Special Event / Venue,Risk 1 (High),2018_code,22,PROPER COLD HOLDING TEMPERATURES,6
Convenience / Gas Station,Risk 3 (Low),2018_code,56,ADEQUATE VENTILATION & LIGHTING; DESIGNATED AREAS USED,6
Special Event / Venue,Risk 2 (Medium),2018_code,48,"WAREWASHING FACILITIES: INSTALLED, MAINTAINED & USED; TEST STRIPS",6
Bar / Tavern / Liquor,Risk 3 (Low),pre_2018_code,29,PREVIOUS MINOR VIOLATION(S) CORRECTED 7-42-090,6
School,Risk 2 (Medium),2018_code,1,"PERSON IN CHARGE PRESENT, DEMONSTRATES KNOWLEDGE, AND PERFORMS DUTIES",6
Wholesale / Warehouse / Commissary,Risk 2 (Medium),pre_2018_code,12,"HAND WASHING FACILITIES: WITH SOAP AND SANITARY HAND DRYING DEVICES, CONVENIENT AND ACCESSIBLE TO FOOD PREP AREA",6
Wholesale / Warehouse / Commissary,Risk 3 (Low),pre_2018_code,24,"DISH WASHING FACILITIES: PROPERLY DESIGNED, CONSTRUCTED, MAINTAINED, INSTALLED, LOCATED AND OPERATED",6
Unknown,Risk 1 (High),2018_code,57,ALL FOOD EMPLOYEES HAVE FOOD HANDLER TRAINING,6
Bar / Tavern / Liquor,Risk 3 (Low),2018_code,59,PREVIOUS PRIORITY FOUNDATION VIOLATION CORRECTED,6
Mobile Food,Risk 2 (Medium),2018_code,1,"PERSON IN CHARGE PRESENT, DEMONSTRATES KNOWLEDGE, AND PERFORMS DUTIES",6
Wholesale / Warehouse / Commissary,Risk 1 (High),2018_code,37,FOOD PROPERLY LABELED; ORIGINAL CONTAINER,6
Mobile Food,Risk 2 (Medium),pre_2018_code,29,PREVIOUS MINOR VIOLATION(S) CORRECTED 7-42-090,6
Bar / Tavern / Liquor,Risk 2 (Medium),2018_code,10,ADEQUATE HANDWASHING SINKS PROPERLY SUPPLIED AND ACCESSIBLE,6
Unknown,Risk 1 (High),2018_code,37,FOOD PROPERLY LABELED; ORIGINAL CONTAINER,6
Childcare / Daycare,Risk 1 (High),pre_2018_code,28,* INSPECTION REPORT SUMMARY DISPLAYED AND VISIBLE TO ALL CUSTOMERS,6
Unknown,Risk 1 (High),2018_code,51,PLUMBING INSTALLED; PROPER BACKFLOW DEVICES,6
Bar / Tavern / Liquor,Risk 3 (Low),2018_code,60,PREVIOUS CORE VIOLATION CORRECTED,6
Other,Risk 2 (Medium),2018_code,1,"PERSON IN CHARGE PRESENT, DEMONSTRATES KNOWLEDGE, AND PERFORMS DUTIES",6
Bakery,Risk 2 (Medium),pre_2018_code,13,"NO EVIDENCE OF RODENT OR INSECT INFESTATION, NO BIRDS, TURTLES OR OTHER ANIMALS",6
Bar / Tavern / Liquor,Risk 2 (Medium),2018_code,51,PLUMBING INSTALLED; PROPER BACKFLOW DEVICES,6
Long Term Care / Health,Risk 1 (High),2018_code,62,COMPLIANCE WITH CLEAN INDOOR AIR ORDINANCE,6
Special Event / Venue,Risk 2 (Medium),pre_2018_code,21,* CERTIFIED FOOD MANAGER ON SITE WHEN POTENTIALLY HAZARDOUS FOODS ARE PREPARED AND SERVED,6
Mobile Food,Risk 1 (High),pre_2018_code,2,FACILITIES TO MAINTAIN PROPER TEMPERATURE,6
School,Risk 2 (Medium),pre_2018_code,16,"FOOD PROTECTED DURING STORAGE, PREPARATION, DISPLAY, SERVICE AND TRANSPORTATION",6
Wholesale / Warehouse / Commissary,Risk 1 (High),pre_2018_code,24,"DISH WASHING FACILITIES: PROPERLY DESIGNED, CONSTRUCTED, MAINTAINED, INSTALLED, LOCATED AND OPERATED",6
Other,Risk 2 (Medium),2018_code,38,"INSECTS, RODENTS, & ANIMALS NOT PRESENT",6
School,Risk 2 (Medium),2018_code,48,"WAREWASHING FACILITIES: INSTALLED, MAINTAINED & USED; TEST STRIPS",6
Other,Risk 2 (Medium),2018_code,2,CITY OF CHICAGO FOOD SERVICE SANITATION CERTIFICATE,6
Bakery,Risk 2 (Medium),pre_2018_code,6,"HANDS WASHED AND CLEANED, GOOD HYGIENIC PRACTICES; NO BARE HAND CONTACT WITH READY-TO-EAT FOODS.",6
Bakery,Risk 1 (High),2018_code,50,HOT & COLD WATER AVAILABLE; ADEQUATE PRESSURE,6
Other,Risk 2 (Medium),2018_code,55,"PHYSICAL FACILITIES INSTALLED, MAINTAINED & CLEAN",6
Unknown,Risk 3 (Low),pre_2018_code,32,"FOOD AND NON-FOOD CONTACT SURFACES PROPERLY DESIGNED, CONSTRUCTED AND MAINTAINED",6
Long Term Care / Health,Risk 1 (High),2018_code,35,APPROVED THAWING METHODS USED,6
Bar / Tavern / Liquor,Risk 2 (Medium),2018_code,16,FOOD-CONTACT SURFACES: CLEANED & SANITIZED,6
Bar / Tavern / Liquor,Risk 2 (Medium),2018_code,56,ADEQUATE VENTILATION & LIGHTING; DESIGNATED AREAS USED,6
Bar / Tavern / Liquor,Risk 2 (Medium),2018_code,48,"WAREWASHING FACILITIES: INSTALLED, MAINTAINED & USED; TEST STRIPS",6
Bar / Tavern / Liquor,Risk 3 (Low),pre_2018_code,42,APPROPRIATE METHOD OF HANDLING OF FOOD (ICE) HAIR RESTRAINTS AND CLEAN APPAREL WORN,6
Wholesale / Warehouse / Commissary,Risk 1 (High),2018_code,5,PROCEDURES FOR RESPONDING TO VOMITING AND DIARRHEAL EVENTS,6
Bakery,Risk 2 (Medium),pre_2018_code,28,* INSPECTION REPORT SUMMARY DISPLAYED AND VISIBLE TO ALL CUSTOMERS,6
Special Event / Venue,Risk 3 (Low),2018_code,3,"MANAGEMENT, FOOD EMPLOYEE AND CONDITIONAL EMPLOYEE; KNOWLEDGE, RESPONSIBILITIES AND REPORTING",6
Special Event / Venue,Risk 3 (Low),pre_2018_code,33,"FOOD AND NON-FOOD CONTACT EQUIPMENT UTENSILS CLEAN, FREE OF ABRASIVE DETERGENTS",6
Bar / Tavern / Liquor,Risk 2 (Medium),2018_code,2,CITY OF CHICAGO FOOD SERVICE SANITATION CERTIFICATE,6
Unknown,Risk 1 (High),2018_code,53,"TOILET FACILITIES: PROPERLY CONSTRUCTED, SUPPLIED, & CLEANED",6
Special Event / Venue,Risk 2 (Medium),2018_code,51,PLUMBING INSTALLED; PROPER BACKFLOW DEVICES,6
Catering / Banquet,Risk 3 (Low),2018_code,38,"INSECTS, RODENTS, & ANIMALS NOT PRESENT",6
Convenience / Gas Station,Risk 3 (Low),2018_code,39,"CONTAMINATION PREVENTED DURING FOOD PREPARATION, STORAGE & DISPLAY",6
Restaurant,Risk 3 (Low),2018_code,60,PREVIOUS CORE VIOLATION CORRECTED,6
Wholesale / Warehouse / Commissary,Risk 1 (High),2018_code,16,FOOD-CONTACT SURFACES: CLEANED & SANITIZED,6
Special Event / Venue,Risk 2 (Medium),pre_2018_code,41,"PREMISES MAINTAINED FREE OF LITTER, UNNECESSARY ARTICLES, CLEANING EQUIPMENT PROPERLY STORED",6
Catering / Banquet,Risk 3 (Low),2018_code,39,"CONTAMINATION PREVENTED DURING FOOD PREPARATION, STORAGE & DISPLAY",6
School,Risk 2 (Medium),pre_2018_code,9,"WATER SOURCE: SAFE, HOT & COLD UNDER CITY PRESSURE",6
Unknown,Risk 1 (High),2018_code,49,NON-FOOD/FOOD CONTACT SURFACES CLEAN,6
Catering / Banquet,Risk 3 (Low),2018_code,57,ALL FOOD EMPLOYEES HAVE FOOD HANDLER TRAINING,5
Mobile Food,Risk 3 (Low),2018_code,37,FOOD PROPERLY LABELED; ORIGINAL CONTAINER,5
Bakery,Risk 1 (High),2018_code,9,NO BARE HAND CONTACT WITH RTE FOOD OR A PRE-APPROVED ALTERNATIVE PROCEDURE PROPERLY ALLOWED,5
Long Term Care / Health,Risk 1 (High),2018_code,28,"TOXIC SUBSTANCES PROPERLY IDENTIFIED, STORED, & USED",5
Unknown,Risk 1 (High),2018_code,23,PROPER DATE MARKING AND DISPOSITION,5
School,Risk 2 (Medium),2018_code,39,"CONTAMINATION PREVENTED DURING FOOD PREPARATION, STORAGE & DISPLAY",5
Bar / Tavern / Liquor,Risk 3 (Low),pre_2018_code,4,"SOURCE OF CROSS CONTAMINATION CONTROLLED I.E. CUTTING BOARDS, FOOD HANDLERS, UTENSILS, ETC",5
Bakery,Risk 2 (Medium),2018_code,43,IN-USE UTENSILS: PROPERLY STORED,5
Bar / Tavern / Liquor,Risk 2 (Medium),2018_code,47,"FOOD & NON-FOOD CONTACT SURFACES CLEANABLE, PROPERLY DESIGNED, CONSTRUCTED & USED",5
Special Event / Venue,Risk 3 (Low),2018_code,16,FOOD-CONTACT SURFACES: CLEANED & SANITIZED,5
Restaurant,Risk 2 (Medium),pre_2018_code,17,POTENTIALLY HAZARDOUS FOOD PROPERLY THAWED,5
Wholesale / Warehouse / Commissary,Risk 2 (Medium),2018_code,55,"PHYSICAL FACILITIES INSTALLED, MAINTAINED & CLEAN",5
Bar / Tavern / Liquor,Risk 2 (Medium),2018_code,36,THERMOMETERS PROVIDED & ACCURATE,5
Convenience / Gas Station,Risk 3 (Low),2018_code,33,PROPER COOLING METHODS USED; ADEQUATE EQUIPMENT FOR TEMPERATURE CONTROL,5
Long Term Care / Health,Risk 1 (High),pre_2018_code,13,"NO EVIDENCE OF RODENT OR INSECT INFESTATION, NO BIRDS, TURTLES OR OTHER ANIMALS",5
Wholesale / Warehouse / Commissary,Risk 2 (Medium),2018_code,48,"WAREWASHING FACILITIES: INSTALLED, MAINTAINED & USED; TEST STRIPS",5
Social Service / Shelter,Risk 1 (High),pre_2018_code,41,"PREMISES MAINTAINED FREE OF LITTER, UNNECESSARY ARTICLES, CLEANING EQUIPMENT PROPERLY STORED",5
Mobile Food,Risk 3 (Low),2018_code,21,PROPER HOT HOLDING TEMPERATURES,5
Unknown,Risk 1 (High),2018_code,25,CONSUMER ADVISORY PROVIDED FOR RAW/UNDERCOOKED FOOD,5
Wholesale / Warehouse / Commissary,Risk 1 (High),pre_2018_code,21,* CERTIFIED FOOD MANAGER ON SITE WHEN POTENTIALLY HAZARDOUS FOODS ARE PREPARED AND SERVED,5
Childcare / Daycare,Risk 1 (High),2018_code,35,APPROVED THAWING METHODS USED,5
Mobile Food,Risk 2 (Medium),2018_code,61,SUMMARY REPORT DISPLAYED AND VISIBLE TO THE PUBLIC,5
Catering / Banquet,Risk 3 (Low),2018_code,58,ALLERGEN TRAINING AS REQUIRED,5
Special Event / Venue,Risk 1 (High),2018_code,55,"PHYSICAL FACILITIES INSTALLED, MAINTAINED & CLEAN",5
Special Event / Venue,Risk 1 (High),2018_code,2,CITY OF CHICAGO FOOD SERVICE SANITATION CERTIFICATE,5
School,Risk 1 (High),2018_code,58,ALLERGEN TRAINING AS REQUIRED,5
School,Risk 1 (High),pre_2018_code,39,LINEN: CLEAN AND SOILED PROPERLY STORED,5
Wholesale / Warehouse / Commissary,Risk 1 (High),pre_2018_code,30,"FOOD IN ORIGINAL CONTAINER, PROPERLY LABELED: CUSTOMER ADVISORY POSTED AS NEEDED",5
School,Risk 3 (Low),pre_2018_code,36,"LIGHTING: REQUIRED MINIMUM FOOT-CANDLES OF LIGHT PROVIDED, FIXTURES SHIELDED",5
Bakery,Risk 2 (Medium),2018_code,61,SUMMARY REPORT DISPLAYED AND VISIBLE TO THE PUBLIC,5
Grocery Store,Risk 3 (Low),2018_code,58,ALLERGEN TRAINING AS REQUIRED,5
Grocery Store,Risk 3 (Low),2018_code,43,IN-USE UTENSILS: PROPERLY STORED,5
Mobile Food,Risk 1 (High),2018_code,3,"MANAGEMENT, FOOD EMPLOYEE AND CONDITIONAL EMPLOYEE; KNOWLEDGE, RESPONSIBILITIES AND REPORTING",5
Bakery,Risk 2 (Medium),pre_2018_code,8,"SANITIZING RINSE FOR EQUIPMENT AND UTENSILS: CLEAN, PROPER TEMPERATURE, CONCENTRATION, EXPOSURE TIME",5
Grocery Store,Risk 2 (Medium),2018_code,25,CONSUMER ADVISORY PROVIDED FOR RAW/UNDERCOOKED FOOD,5
Institutional Dining,Risk 1 (High),pre_2018_code,34,"FLOORS: CONSTRUCTED PER CODE, CLEANED, GOOD REPAIR, COVING INSTALLED, DUST-LESS CLEANING METHODS USED",5
Restaurant,Risk 3 (Low),2018_code,59,PREVIOUS PRIORITY FOUNDATION VIOLATION CORRECTED,5
Mobile Food,Risk 1 (High),pre_2018_code,32,"FOOD AND NON-FOOD CONTACT SURFACES PROPERLY DESIGNED, CONSTRUCTED AND MAINTAINED",5
Institutional Dining,Risk 1 (High),pre_2018_code,35,"WALLS, CEILINGS, ATTACHED EQUIPMENT CONSTRUCTED PER CODE: GOOD REPAIR, SURFACES CLEAN AND DUST-LESS CLEANING METHODS",5
Catering / Banquet,Risk 2 (Medium),pre_2018_code,18,"NO EVIDENCE OF RODENT OR INSECT OUTER OPENINGS PROTECTED/RODENT PROOFED, A WRITTEN LOG SHALL BE MAINTAINED AVAILABLE TO THE INSPECTORS",5
School,Risk 3 (Low),pre_2018_code,40,REFRIGERATION AND METAL STEM THERMOMETERS PROVIDED AND CONSPICUOUS,5
School,Risk 2 (Medium),pre_2018_code,24,"DISH WASHING FACILITIES: PROPERLY DESIGNED, CONSTRUCTED, MAINTAINED, INSTALLED, LOCATED AND OPERATED",5
Special Event / Venue,Risk 2 (Medium),2018_code,52,SEWAGE & WASTE WATER PROPERLY DISPOSED,5
Grocery Store,Risk 1 (High),2018_code,11,FOOD OBTAINED FROM APPROVED SOURCE,5
Special Event / Venue,Risk 1 (High),pre_2018_code,6,"HANDS WASHED AND CLEANED, GOOD HYGIENIC PRACTICES; NO BARE HAND CONTACT WITH READY-TO-EAT FOODS.",5
Catering / Banquet,Risk 3 (Low),2018_code,3,"MANAGEMENT, FOOD EMPLOYEE AND CONDITIONAL EMPLOYEE; KNOWLEDGE, RESPONSIBILITIES AND REPORTING",5
Other,Risk 2 (Medium),pre_2018_code,18,"NO EVIDENCE OF RODENT OR INSECT OUTER OPENINGS PROTECTED/RODENT PROOFED, A WRITTEN LOG SHALL BE MAINTAINED AVAILABLE TO THE INSPECTORS",5
Wholesale / Warehouse / Commissary,Risk 2 (Medium),pre_2018_code,30,"FOOD IN ORIGINAL CONTAINER, PROPERLY LABELED: CUSTOMER ADVISORY POSTED AS NEEDED",5
Bakery,Risk 2 (Medium),pre_2018_code,26,"ADEQUATE NUMBER, CONVENIENT, ACCESSIBLE, PROPERLY DESIGNED AND INSTALLED",5
Long Term Care / Health,Risk 1 (High),pre_2018_code,28,* INSPECTION REPORT SUMMARY DISPLAYED AND VISIBLE TO ALL CUSTOMERS,5
Special Event / Venue,Risk 1 (High),2018_code,51,PLUMBING INSTALLED; PROPER BACKFLOW DEVICES,5
Social Service / Shelter,Risk 1 (High),pre_2018_code,21,* CERTIFIED FOOD MANAGER ON SITE WHEN POTENTIALLY HAZARDOUS FOODS ARE PREPARED AND SERVED,5
Special Event / Venue,Risk 2 (Medium),2018_code,53,"TOILET FACILITIES: PROPERLY CONSTRUCTED, SUPPLIED, & CLEANED",5
Mobile Food,Risk 1 (High),pre_2018_code,35,"WALLS, CEILINGS, ATTACHED EQUIPMENT CONSTRUCTED PER CODE: GOOD REPAIR, SURFACES CLEAN AND DUST-LESS CLEANING METHODS",5
School,Risk 1 (High),pre_2018_code,7,WASH AND RINSE WATER: CLEAN AND PROPER TEMPERATURE,5
Special Event / Venue,Risk 2 (Medium),2018_code,39,"CONTAMINATION PREVENTED DURING FOOD PREPARATION, STORAGE & DISPLAY",5
Wholesale / Warehouse / Commissary,Risk 3 (Low),2018_code,5,PROCEDURES FOR RESPONDING TO VOMITING AND DIARRHEAL EVENTS,5
Mobile Food,Risk 2 (Medium),pre_2018_code,31,CLEAN MULTI-USE UTENSILS AND SINGLE SERVICE ARTICLES PROPERLY STORED: NO REUSE OF SINGLE SERVICE ARTICLES,5
Wholesale / Warehouse / Commissary,Risk 3 (Low),2018_code,38,"INSECTS, RODENTS, & ANIMALS NOT PRESENT",5
Convenience / Gas Station,Risk 2 (Medium),2018_code,47,"FOOD & NON-FOOD CONTACT SURFACES CLEANABLE, PROPERLY DESIGNED, CONSTRUCTED & USED",5
Wholesale / Warehouse / Commissary,Risk 3 (Low),pre_2018_code,26,"ADEQUATE NUMBER, CONVENIENT, ACCESSIBLE, PROPERLY DESIGNED AND INSTALLED",5
Unknown,Risk 3 (Low),pre_2018_code,34,"FLOORS: CONSTRUCTED PER CODE, CLEANED, GOOD REPAIR, COVING INSTALLED, DUST-LESS CLEANING METHODS USED",5
Bar / Tavern / Liquor,Risk 3 (Low),pre_2018_code,31,CLEAN MULTI-USE UTENSILS AND SINGLE SERVICE ARTICLES PROPERLY STORED: NO REUSE OF SINGLE SERVICE ARTICLES,5
Institutional Dining,Risk 1 (High),pre_2018_code,33,"FOOD AND NON-FOOD CONTACT EQUIPMENT UTENSILS CLEAN, FREE OF ABRASIVE DETERGENTS",5
Mobile Food,Risk 3 (Low),pre_2018_code,41,"PREMISES MAINTAINED FREE OF LITTER, UNNECESSARY ARTICLES, CLEANING EQUIPMENT PROPERLY STORED",5
Catering / Banquet,Risk 3 (Low),pre_2018_code,18,"NO EVIDENCE OF RODENT OR INSECT OUTER OPENINGS PROTECTED/RODENT PROOFED, A WRITTEN LOG SHALL BE MAINTAINED AVAILABLE TO THE INSPECTORS",5
Special Event / Venue,Risk 2 (Medium),pre_2018_code,16,"FOOD PROTECTED DURING STORAGE, PREPARATION, DISPLAY, SERVICE AND TRANSPORTATION",5
School,Risk 3 (Low),2018_code,2,CITY OF CHICAGO FOOD SERVICE SANITATION CERTIFICATE,5
Convenience / Gas Station,Risk 3 (Low),pre_2018_code,3,"POTENTIALLY HAZARDOUS FOOD MEETS TEMPERATURE REQUIREMENT DURING STORAGE, PREPARATION DISPLAY AND SERVICE",5
Convenience / Gas Station,Risk 3 (Low),2018_code,3,"MANAGEMENT, FOOD EMPLOYEE AND CONDITIONAL EMPLOYEE; KNOWLEDGE, RESPONSIBILITIES AND REPORTING",5
Bar / Tavern / Liquor,Risk 2 (Medium),pre_2018_code,32,"FOOD AND NON-FOOD CONTACT SURFACES PROPERLY DESIGNED, CONSTRUCTED AND MAINTAINED",5
Childcare / Daycare,Risk 1 (High),pre_2018_code,25,"TOXIC ITEMS PROPERLY STORED, LABELED AND USED",5
Bakery,Risk 1 (High),pre_2018_code,28,* INSPECTION REPORT SUMMARY DISPLAYED AND VISIBLE TO ALL CUSTOMERS,5
School,Risk 3 (Low),2018_code,59,PREVIOUS PRIORITY FOUNDATION VIOLATION CORRECTED,5
Convenience / Gas Station,Risk 3 (Low),2018_code,47,"FOOD & NON-FOOD CONTACT SURFACES CLEANABLE, PROPERLY DESIGNED, CONSTRUCTED & USED",5
Mobile Food,Risk 1 (High),2018_code,33,PROPER COOLING METHODS USED; ADEQUATE EQUIPMENT FOR TEMPERATURE CONTROL,5
School,Risk 3 (Low),pre_2018_code,3,"POTENTIALLY HAZARDOUS FOOD MEETS TEMPERATURE REQUIREMENT DURING STORAGE, PREPARATION DISPLAY AND SERVICE",5
Special Event / Venue,Risk 2 (Medium),2018_code,50,HOT & COLD WATER AVAILABLE; ADEQUATE PRESSURE,5
Convenience / Gas Station,Risk 2 (Medium),pre_2018_code,2,FACILITIES TO MAINTAIN PROPER TEMPERATURE,5
Restaurant,Risk 3 (Low),pre_2018_code,4,"SOURCE OF CROSS CONTAMINATION CONTROLLED I.E. CUTTING BOARDS, FOOD HANDLERS, UTENSILS, ETC",5
Catering / Banquet,Risk 1 (High),2018_code,1,"PERSON IN CHARGE PRESENT, DEMONSTRATES KNOWLEDGE, AND PERFORMS DUTIES",5
School,Risk 3 (Low),2018_code,47,"FOOD & NON-FOOD CONTACT SURFACES CLEANABLE, PROPERLY DESIGNED, CONSTRUCTED & USED",5
Bar / Tavern / Liquor,Risk 1 (High),2018_code,38,"INSECTS, RODENTS, & ANIMALS NOT PRESENT",5
Grocery Store,Risk 3 (Low),pre_2018_code,4,"SOURCE OF CROSS CONTAMINATION CONTROLLED I.E. CUTTING BOARDS, FOOD HANDLERS, UTENSILS, ETC",5
Convenience / Gas Station,Risk 3 (Low),2018_code,53,"TOILET FACILITIES: PROPERLY CONSTRUCTED, SUPPLIED, & CLEANED",5
Mobile Food,Risk 1 (High),2018_code,37,FOOD PROPERLY LABELED; ORIGINAL CONTAINER,5
Restaurant,Risk 3 (Low),2018_code,2,CITY OF CHICAGO FOOD SERVICE SANITATION CERTIFICATE,5
Mobile Food,Risk 3 (Low),pre_2018_code,20,"INSIDE CONTAINERS OR RECEPTACLES: ADEQUATE NUMBER, PROPERLY COVERED AND INSECT/RODENT PROOF",5
Childcare / Daycare,Risk 1 (High),pre_2018_code,39,LINEN: CLEAN AND SOILED PROPERLY STORED,5
Grocery Store,Risk 3 (Low),pre_2018_code,42,APPROPRIATE METHOD OF HANDLING OF FOOD (ICE) HAIR RESTRAINTS AND CLEAN APPAREL WORN,5
Bakery,Risk 1 (High),pre_2018_code,10,"SEWAGE AND WASTE WATER DISPOSAL, NO BACK SIPHONAGE, CROSS CONNECTION AND/OR BACK FLOW",5
Wholesale / Warehouse / Commissary,Risk 1 (High),2018_code,60,PREVIOUS CORE VIOLATION CORRECTED,5
Bakery,Risk 1 (High),2018_code,29,COMPLIANCE WITH VARIANCE/SPECIALIZED PROCESS/HACCP,5
Special Event / Venue,Risk 3 (Low),2018_code,49,NON-FOOD/FOOD CONTACT SURFACES CLEAN,5
Convenience / Gas Station,Risk 2 (Medium),2018_code,48,"WAREWASHING FACILITIES: INSTALLED, MAINTAINED & USED; TEST STRIPS",5
School,Risk 2 (Medium),2018_code,49,NON-FOOD/FOOD CONTACT SURFACES CLEAN,5
Wholesale / Warehouse / Commissary,Risk 2 (Medium),pre_2018_code,13,"NO EVIDENCE OF RODENT OR INSECT INFESTATION, NO BIRDS, TURTLES OR OTHER ANIMALS",5
Mobile Food,Risk 3 (Low),2018_code,3,"MANAGEMENT, FOOD EMPLOYEE AND CONDITIONAL EMPLOYEE; KNOWLEDGE, RESPONSIBILITIES AND REPORTING",5
Special Event / Venue,Risk 1 (High),2018_code,5,PROCEDURES FOR RESPONDING TO VOMITING AND DIARRHEAL EVENTS,4
Special Event / Venue,Risk 1 (High),2018_code,36,THERMOMETERS PROVIDED & ACCURATE,4
Catering / Banquet,Risk 3 (Low),2018_code,49,NON-FOOD/FOOD CONTACT SURFACES CLEAN,4
School,Risk 1 (High),2018_code,15,FOOD SEPARATED AND PROTECTED,4
Convenience / Gas Station,Risk 3 (Low),pre_2018_code,11,"ADEQUATE NUMBER, CONVENIENT, ACCESSIBLE, DESIGNED, AND MAINTAINED",4
Wholesale / Warehouse / Commissary,Risk 2 (Medium),pre_2018_code,26,"ADEQUATE NUMBER, CONVENIENT, ACCESSIBLE, PROPERLY DESIGNED AND INSTALLED",4
Wholesale / Warehouse / Commissary,Risk 3 (Low),pre_2018_code,10,"SEWAGE AND WASTE WATER DISPOSAL, NO BACK SIPHONAGE, CROSS CONNECTION AND/OR BACK FLOW",4
Grocery Store,Risk 3 (Low),pre_2018_code,45,FOOD HANDLER REQUIREMENTS MET,4
Other,Risk 2 (Medium),pre_2018_code,32,"FOOD AND NON-FOOD CONTACT SURFACES PROPERLY DESIGNED, CONSTRUCTED AND MAINTAINED",4
Unknown,Risk 1 (High),2018_code,40,PERSONAL CLEANLINESS,4
Unknown,Risk 2 (Medium),2018_code,10,ADEQUATE HANDWASHING SINKS PROPERLY SUPPLIED AND ACCESSIBLE,4
Long Term Care / Health,Risk 1 (High),2018_code,9,NO BARE HAND CONTACT WITH RTE FOOD OR A PRE-APPROVED ALTERNATIVE PROCEDURE PROPERLY ALLOWED,4
Catering / Banquet,Risk 1 (High),pre_2018_code,70,NO SMOKING REGULATIONS,4
Special Event / Venue,Risk 1 (High),2018_code,50,HOT & COLD WATER AVAILABLE; ADEQUATE PRESSURE,4
Special Event / Venue,Risk 1 (High),pre_2018_code,31,CLEAN MULTI-USE UTENSILS AND SINGLE SERVICE ARTICLES PROPERLY STORED: NO REUSE OF SINGLE SERVICE ARTICLES,4
Other,Risk 3 (Low),2018_code,10,ADEQUATE HANDWASHING SINKS PROPERLY SUPPLIED AND ACCESSIBLE,4
Mobile Food,Risk 3 (Low),pre_2018_code,36,"LIGHTING: REQUIRED MINIMUM FOOT-CANDLES OF LIGHT PROVIDED, FIXTURES SHIELDED",4
Unknown,Risk 1 (High),2018_code,16,FOOD-CONTACT SURFACES: CLEANED & SANITIZED,4
Bar / Tavern / Liquor,Risk 1 (High),pre_2018_code,38,VENTILATION: ROOMS AND EQUIPMENT VENTED AS REQUIRED: PLUMBING: INSTALLED AND MAINTAINED,4
Unknown,Risk 2 (Medium),2018_code,49,NON-FOOD/FOOD CONTACT SURFACES CLEAN,4
Restaurant,Risk 3 (Low),pre_2018_code,30,"FOOD IN ORIGINAL CONTAINER, PROPERLY LABELED: CUSTOMER ADVISORY POSTED AS NEEDED",4
School,Risk 2 (Medium),2018_code,3,"MANAGEMENT, FOOD EMPLOYEE AND CONDITIONAL EMPLOYEE; KNOWLEDGE, RESPONSIBILITIES AND REPORTING",4
Special Event / Venue,Risk 3 (Low),2018_code,57,ALL FOOD EMPLOYEES HAVE FOOD HANDLER TRAINING,4
Other,Risk 2 (Medium),pre_2018_code,38,VENTILATION: ROOMS AND EQUIPMENT VENTED AS REQUIRED: PLUMBING: INSTALLED AND MAINTAINED,4
Catering / Banquet,Risk 1 (High),2018_code,25,CONSUMER ADVISORY PROVIDED FOR RAW/UNDERCOOKED FOOD,4
Grocery Store,Risk 3 (Low),2018_code,40,PERSONAL CLEANLINESS,4
Other,Risk 2 (Medium),pre_2018_code,19,"OUTSIDE GARBAGE WASTE GREASE AND STORAGE AREA; CLEAN, RODENT PROOF, ALL CONTAINERS COVERED",4
Mobile Food,Risk 3 (Low),2018_code,5,PROCEDURES FOR RESPONDING TO VOMITING AND DIARRHEAL EVENTS,4
Convenience / Gas Station,Risk 2 (Medium),2018_code,1,"PERSON IN CHARGE PRESENT, DEMONSTRATES KNOWLEDGE, AND PERFORMS DUTIES",4
Special Event / Venue,Risk 3 (Low),2018_code,47,"FOOD & NON-FOOD CONTACT SURFACES CLEANABLE, PROPERLY DESIGNED, CONSTRUCTED & USED",4
Special Event / Venue,Risk 2 (Medium),pre_2018_code,24,"DISH WASHING FACILITIES: PROPERLY DESIGNED, CONSTRUCTED, MAINTAINED, INSTALLED, LOCATED AND OPERATED",4
Bar / Tavern / Liquor,Risk 3 (Low),pre_2018_code,30,"FOOD IN ORIGINAL CONTAINER, PROPERLY LABELED: CUSTOMER ADVISORY POSTED AS NEEDED",4
Unknown,Risk 1 (High),2018_code,39,"CONTAMINATION PREVENTED DURING FOOD PREPARATION, STORAGE & DISPLAY",4
Childcare / Daycare,Risk 1 (High),2018_code,8,HANDS CLEAN & PROPERLY WASHED,4
Unknown,Risk 1 (High),2018_code,56,ADEQUATE VENTILATION & LIGHTING; DESIGNATED AREAS USED,4
School,Risk 2 (Medium),2018_code,56,ADEQUATE VENTILATION & LIGHTING; DESIGNATED AREAS USED,4
Restaurant,Risk 3 (Low),pre_2018_code,3,"POTENTIALLY HAZARDOUS FOOD MEETS TEMPERATURE REQUIREMENT DURING STORAGE, PREPARATION DISPLAY AND SERVICE",4
Catering / Banquet,Risk 1 (High),pre_2018_code,39,LINEN: CLEAN AND SOILED PROPERLY STORED,4
Catering / Banquet,Risk 2 (Medium),pre_2018_code,24,"DISH WASHING FACILITIES: PROPERLY DESIGNED, CONSTRUCTED, MAINTAINED, INSTALLED, LOCATED AND OPERATED",4
Mobile Food,Risk 3 (Low),pre_2018_code,3,"POTENTIALLY HAZARDOUS FOOD MEETS TEMPERATURE REQUIREMENT DURING STORAGE, PREPARATION DISPLAY AND SERVICE",4
Convenience / Gas Station,Risk 3 (Low),pre_2018_code,21,* CERTIFIED FOOD MANAGER ON SITE WHEN POTENTIALLY HAZARDOUS FOODS ARE PREPARED AND SERVED,4
Bakery,Risk 1 (High),pre_2018_code,1,"SOURCE SOUND CONDITION, NO SPOILAGE, FOODS PROPERLY LABELED, SHELLFISH TAGS IN PLACE",4
Mobile Food,Risk 3 (Low),2018_code,33,PROPER COOLING METHODS USED; ADEQUATE EQUIPMENT FOR TEMPERATURE CONTROL,4
Other,Risk 2 (Medium),2018_code,10,ADEQUATE HANDWASHING SINKS PROPERLY SUPPLIED AND ACCESSIBLE,4
Bakery,Risk 2 (Medium),2018_code,8,HANDS CLEAN & PROPERLY WASHED,4
School,Risk 1 (High),2018_code,35,APPROVED THAWING METHODS USED,4
Special Event / Venue,Risk 3 (Low),2018_code,53,"TOILET FACILITIES: PROPERLY CONSTRUCTED, SUPPLIED, & CLEANED",4
Special Event / Venue,Risk 3 (Low),pre_2018_code,8,"SANITIZING RINSE FOR EQUIPMENT AND UTENSILS: CLEAN, PROPER TEMPERATURE, CONCENTRATION, EXPOSURE TIME",4
Bakery,Risk 1 (High),pre_2018_code,39,LINEN: CLEAN AND SOILED PROPERLY STORED,4
Bar / Tavern / Liquor,Risk 2 (Medium),2018_code,53,"TOILET FACILITIES: PROPERLY CONSTRUCTED, SUPPLIED, & CLEANED",4
Special Event / Venue,Risk 1 (High),2018_code,39,"CONTAMINATION PREVENTED DURING FOOD PREPARATION, STORAGE & DISPLAY",4
Other,Risk 2 (Medium),2018_code,36,THERMOMETERS PROVIDED & ACCURATE,4
Catering / Banquet,Risk 3 (Low),2018_code,10,ADEQUATE HANDWASHING SINKS PROPERLY SUPPLIED AND ACCESSIBLE,4
Wholesale / Warehouse / Commissary,Risk 3 (Low),pre_2018_code,16,"FOOD PROTECTED DURING STORAGE, PREPARATION, DISPLAY, SERVICE AND TRANSPORTATION",4
Grocery Store,Risk 1 (High),pre_2018_code,27,"TOILET ROOMS ENCLOSED CLEAN, PROVIDED WITH HAND CLEANSER, SANITARY HAND DRYING DEVICES AND PROPER WASTE RECEPTACLES",4
Special Event / Venue,Risk 2 (Medium),2018_code,16,FOOD-CONTACT SURFACES: CLEANED & SANITIZED,4
Restaurant,Risk 2 (Medium),2018_code,24,TIME AS A PUBLIC HEALTH CONTROL; PROCEDURES & RECORDS,4
Restaurant,Risk 3 (Low),pre_2018_code,70,NO SMOKING REGULATIONS,4
Catering / Banquet,Risk 1 (High),2018_code,40,PERSONAL CLEANLINESS,4
Bakery,Risk 1 (High),2018_code,32,VARIANCE OBTAINED FOR SPECIALIZED PROCESSING METHODS,4
Wholesale / Warehouse / Commissary,Risk 2 (Medium),2018_code,38,"INSECTS, RODENTS, & ANIMALS NOT PRESENT",4
Institutional Dining,Risk 1 (High),pre_2018_code,18,"NO EVIDENCE OF RODENT OR INSECT OUTER OPENINGS PROTECTED/RODENT PROOFED, A WRITTEN LOG SHALL BE MAINTAINED AVAILABLE TO THE INSPECTORS",4
Bar / Tavern / Liquor,Risk 1 (High),pre_2018_code,35,"WALLS, CEILINGS, ATTACHED EQUIPMENT CONSTRUCTED PER CODE: GOOD REPAIR, SURFACES CLEAN AND DUST-LESS CLEANING METHODS",4
Restaurant,Risk 3 (Low),2018_code,1,"PERSON IN CHARGE PRESENT, DEMONSTRATES KNOWLEDGE, AND PERFORMS DUTIES",4
Other,Risk 2 (Medium),pre_2018_code,11,"ADEQUATE NUMBER, CONVENIENT, ACCESSIBLE, DESIGNED, AND MAINTAINED",4
Special Event / Venue,Risk 1 (High),2018_code,58,ALLERGEN TRAINING AS REQUIRED,4
School,Risk 2 (Medium),2018_code,36,THERMOMETERS PROVIDED & ACCURATE,4
Convenience / Gas Station,Risk 3 (Low),2018_code,61,SUMMARY REPORT DISPLAYED AND VISIBLE TO THE PUBLIC,4
Wholesale / Warehouse / Commissary,Risk 1 (High),pre_2018_code,16,"FOOD PROTECTED DURING STORAGE, PREPARATION, DISPLAY, SERVICE AND TRANSPORTATION",4
Mobile Food,Risk 2 (Medium),pre_2018_code,1,"SOURCE SOUND CONDITION, NO SPOILAGE, FOODS PROPERLY LABELED, SHELLFISH TAGS IN PLACE",4
Bar / Tavern / Liquor,Risk 2 (Medium),pre_2018_code,34,"FLOORS: CONSTRUCTED PER CODE, CLEANED, GOOD REPAIR, COVING INSTALLED, DUST-LESS CLEANING METHODS USED",4
Bar / Tavern / Liquor,Risk 2 (Medium),2018_code,39,"CONTAMINATION PREVENTED DURING FOOD PREPARATION, STORAGE & DISPLAY",4
Other,Risk 2 (Medium),2018_code,57,ALL FOOD EMPLOYEES HAVE FOOD HANDLER TRAINING,4
Catering / Banquet,Risk 1 (High),2018_code,43,IN-USE UTENSILS: PROPERLY STORED,4
Wholesale / Warehouse / Commissary,Risk 1 (High),2018_code,39,"CONTAMINATION PREVENTED DURING FOOD PREPARATION, STORAGE & DISPLAY",4
Grocery Store,Risk 1 (High),pre_2018_code,25,"TOXIC ITEMS PROPERLY STORED, LABELED AND USED",4
Wholesale / Warehouse / Commissary,Risk 1 (High),pre_2018_code,40,REFRIGERATION AND METAL STEM THERMOMETERS PROVIDED AND CONSPICUOUS,4
Wholesale / Warehouse / Commissary,Risk 2 (Medium),pre_2018_code,9,"WATER SOURCE: SAFE, HOT & COLD UNDER CITY PRESSURE",4
Special Event / Venue,Risk 1 (High),pre_2018_code,26,"ADEQUATE NUMBER, CONVENIENT, ACCESSIBLE, PROPERLY DESIGNED AND INSTALLED",4
Social Service / Shelter,Risk 1 (High),pre_2018_code,13,"NO EVIDENCE OF RODENT OR INSECT INFESTATION, NO BIRDS, TURTLES OR OTHER ANIMALS",4
Restaurant,Risk 1 (High),2018_code,17,"PROPER DISPOSITION OF RETURNED, PREVIOUSLY SERVED, RECONDITIONED & UNSAFE FOOD",4
Convenience / Gas Station,Risk 3 (Low),2018_code,60,PREVIOUS CORE VIOLATION CORRECTED,4
School,Risk 3 (Low),2018_code,56,ADEQUATE VENTILATION & LIGHTING; DESIGNATED AREAS USED,4
Wholesale / Warehouse / Commissary,Risk 2 (Medium),pre_2018_code,16,"FOOD PROTECTED DURING STORAGE, PREPARATION, DISPLAY, SERVICE AND TRANSPORTATION",4
Restaurant,Risk 3 (Low),pre_2018_code,10,"SEWAGE AND WASTE WATER DISPOSAL, NO BACK SIPHONAGE, CROSS CONNECTION AND/OR BACK FLOW",4
Special Event / Venue,Risk 3 (Low),2018_code,54,GARBAGE & REFUSE PROPERLY DISPOSED; FACILITIES MAINTAINED,4
Catering / Banquet,Risk 1 (High),pre_2018_code,9,"WATER SOURCE: SAFE, HOT & COLD UNDER CITY PRESSURE",4
Unknown,Risk 1 (High),2018_code,2,CITY OF CHICAGO FOOD SERVICE SANITATION CERTIFICATE,4
Mobile Food,Risk 2 (Medium),pre_2018_code,6,"HANDS WASHED AND CLEANED, GOOD HYGIENIC PRACTICES; NO BARE HAND CONTACT WITH READY-TO-EAT FOODS.",4
Special Event / Venue,Risk 2 (Medium),2018_code,47,"FOOD & NON-FOOD CONTACT SURFACES CLEANABLE, PROPERLY DESIGNED, CONSTRUCTED & USED",4
Long Term Care / Health,Risk 1 (High),pre_2018_code,26,"ADEQUATE NUMBER, CONVENIENT, ACCESSIBLE, PROPERLY DESIGNED AND INSTALLED",4
Restaurant,Risk 3 (Low),pre_2018_code,22,"DISH MACHINES: PROVIDED WITH ACCURATE THERMOMETERS, CHEMICAL TEST KITS AND SUITABLE GAUGE COCK",4
Special Event / Venue,Risk 3 (Low),pre_2018_code,37,TOILET ROOM DOORS SELF CLOSING: DRESSING ROOMS WITH LOCKERS PROVIDED: COMPLETE SEPARATION FROM LIVING/SLEEPING QUARTERS,4
Social Service / Shelter,Risk 1 (High),pre_2018_code,36,"LIGHTING: REQUIRED MINIMUM FOOT-CANDLES OF LIGHT PROVIDED, FIXTURES SHIELDED",4
Mobile Food,Risk 2 (Medium),2018_code,28,"TOXIC SUBSTANCES PROPERLY IDENTIFIED, STORED, & USED",4
Social Service / Shelter,Risk 3 (Low),2018_code,38,"INSECTS, RODENTS, & ANIMALS NOT PRESENT",4
Special Event / Venue,Risk 2 (Medium),2018_code,49,NON-FOOD/FOOD CONTACT SURFACES CLEAN,4
Social Service / Shelter,Risk 1 (High),pre_2018_code,19,"OUTSIDE GARBAGE WASTE GREASE AND STORAGE AREA; CLEAN, RODENT PROOF, ALL CONTAINERS COVERED",4
Catering / Banquet,Risk 2 (Medium),pre_2018_code,21,* CERTIFIED FOOD MANAGER ON SITE WHEN POTENTIALLY HAZARDOUS FOODS ARE PREPARED AND SERVED,4
Bakery,Risk 2 (Medium),2018_code,45,SINGLE-USE/SINGLE-SERVICE ARTICLES: PROPERLY STORED & USED,4
Childcare / Daycare,Risk 1 (High),2018_code,43,IN-USE UTENSILS: PROPERLY STORED,4
Convenience / Gas Station,Risk 2 (Medium),pre_2018_code,18,"NO EVIDENCE OF RODENT OR INSECT OUTER OPENINGS PROTECTED/RODENT PROOFED, A WRITTEN LOG SHALL BE MAINTAINED AVAILABLE TO THE INSPECTORS",4
Unknown,Risk 3 (Low),pre_2018_code,33,"FOOD AND NON-FOOD CONTACT EQUIPMENT UTENSILS CLEAN, FREE OF ABRASIVE DETERGENTS",4
School,Risk 3 (Low),2018_code,36,THERMOMETERS PROVIDED & ACCURATE,4
School,Risk 1 (High),pre_2018_code,4,"SOURCE OF CROSS CONTAMINATION CONTROLLED I.E. CUTTING BOARDS, FOOD HANDLERS, UTENSILS, ETC",4
Wholesale / Warehouse / Commissary,Risk 1 (High),2018_code,33,PROPER COOLING METHODS USED; ADEQUATE EQUIPMENT FOR TEMPERATURE CONTROL,4
Convenience / Gas Station,Risk 2 (Medium),pre_2018_code,34,"FLOORS: CONSTRUCTED PER CODE, CLEANED, GOOD REPAIR, COVING INSTALLED, DUST-LESS CLEANING METHODS USED",4
Restaurant,Risk 1 (High),2018_code,31,WATER & ICE FROM APPROVED SOURCE,3
School,Risk 1 (High),pre_2018_code,70,NO SMOKING REGULATIONS,3
Long Term Care / Health,Risk 1 (High),2018_code,15,FOOD SEPARATED AND PROTECTED,3
Long Term Care / Health,Risk 1 (High),pre_2018_code,4,"SOURCE OF CROSS CONTAMINATION CONTROLLED I.E. CUTTING BOARDS, FOOD HANDLERS, UTENSILS, ETC",3
Long Term Care / Health,Risk 1 (High),pre_2018_code,10,"SEWAGE AND WASTE WATER DISPOSAL, NO BACK SIPHONAGE, CROSS CONNECTION AND/OR BACK FLOW",3
Mobile Food,Risk 2 (Medium),2018_code,31,WATER & ICE FROM APPROVED SOURCE,3
Restaurant,Risk 3 (Low),2018_code,58,ALLERGEN TRAINING AS REQUIRED,3
Social Service / Shelter,Risk 1 (High),2018_code,57,ALL FOOD EMPLOYEES HAVE FOOD HANDLER TRAINING,3
Convenience / Gas Station,Risk 3 (Low),pre_2018_code,9,"WATER SOURCE: SAFE, HOT & COLD UNDER CITY PRESSURE",3
Bar / Tavern / Liquor,Risk 2 (Medium),2018_code,54,GARBAGE & REFUSE PROPERLY DISPOSED; FACILITIES MAINTAINED,3
Bar / Tavern / Liquor,Risk 2 (Medium),2018_code,1,"PERSON IN CHARGE PRESENT, DEMONSTRATES KNOWLEDGE, AND PERFORMS DUTIES",3
Bar / Tavern / Liquor,Risk 3 (Low),2018_code,62,COMPLIANCE WITH CLEAN INDOOR AIR ORDINANCE,3
Wholesale / Warehouse / Commissary,Risk 3 (Low),pre_2018_code,30,"FOOD IN ORIGINAL CONTAINER, PROPERLY LABELED: CUSTOMER ADVISORY POSTED AS NEEDED",3
Other,Risk 3 (Low),pre_2018_code,33,"FOOD AND NON-FOOD CONTACT EQUIPMENT UTENSILS CLEAN, FREE OF ABRASIVE DETERGENTS",3
Wholesale / Warehouse / Commissary,Risk 2 (Medium),2018_code,61,SUMMARY REPORT DISPLAYED AND VISIBLE TO THE PUBLIC,3
School,Risk 1 (High),2018_code,9,NO BARE HAND CONTACT WITH RTE FOOD OR A PRE-APPROVED ALTERNATIVE PROCEDURE PROPERLY ALLOWED,3
Other,Risk 1 (High),pre_2018_code,33,"FOOD AND NON-FOOD CONTACT EQUIPMENT UTENSILS CLEAN, FREE OF ABRASIVE DETERGENTS",3
Special Event / Venue,Risk 1 (High),pre_2018_code,21,* CERTIFIED FOOD MANAGER ON SITE WHEN POTENTIALLY HAZARDOUS FOODS ARE PREPARED AND SERVED,3
Catering / Banquet,Risk 3 (Low),2018_code,47,"FOOD & NON-FOOD CONTACT SURFACES CLEANABLE, PROPERLY DESIGNED, CONSTRUCTED & USED",3
Convenience / Gas Station,Risk 2 (Medium),2018_code,39,"CONTAMINATION PREVENTED DURING FOOD PREPARATION, STORAGE & DISPLAY",3
Wholesale / Warehouse / Commissary,Risk 2 (Medium),2018_code,10,ADEQUATE HANDWASHING SINKS PROPERLY SUPPLIED AND ACCESSIBLE,3
Convenience / Gas Station,Risk 2 (Medium),pre_2018_code,38,VENTILATION: ROOMS AND EQUIPMENT VENTED AS REQUIRED: PLUMBING: INSTALLED AND MAINTAINED,3
Wholesale / Warehouse / Commissary,Risk 1 (High),pre_2018_code,29,PREVIOUS MINOR VIOLATION(S) CORRECTED 7-42-090,3
Catering / Banquet,Risk 3 (Low),pre_2018_code,38,VENTILATION: ROOMS AND EQUIPMENT VENTED AS REQUIRED: PLUMBING: INSTALLED AND MAINTAINED,3
Convenience / Gas Station,Risk 2 (Medium),2018_code,37,FOOD PROPERLY LABELED; ORIGINAL CONTAINER,3
Childcare / Daycare,Risk 1 (High),2018_code,12,FOOD RECEIVED AT PROPER TEMPERATURE,3
Wholesale / Warehouse / Commissary,Risk 2 (Medium),pre_2018_code,42,APPROPRIATE METHOD OF HANDLING OF FOOD (ICE) HAIR RESTRAINTS AND CLEAN APPAREL WORN,3
Wholesale / Warehouse / Commissary,Risk 2 (Medium),2018_code,5,PROCEDURES FOR RESPONDING TO VOMITING AND DIARRHEAL EVENTS,3
Institutional Dining,Risk 1 (High),pre_2018_code,38,VENTILATION: ROOMS AND EQUIPMENT VENTED AS REQUIRED: PLUMBING: INSTALLED AND MAINTAINED,3
Bar / Tavern / Liquor,Risk 1 (High),2018_code,55,"PHYSICAL FACILITIES INSTALLED, MAINTAINED & CLEAN",3
Bakery,Risk 1 (High),2018_code,24,TIME AS A PUBLIC HEALTH CONTROL; PROCEDURES & RECORDS,3
Restaurant,Risk 1 (High),2018_code,4,PROPER USE OF RESTRICTION AND EXCLUSION,3
Grocery Store,Risk 3 (Low),pre_2018_code,39,LINEN: CLEAN AND SOILED PROPERLY STORED,3
Social Service / Shelter,Risk 1 (High),pre_2018_code,31,CLEAN MULTI-USE UTENSILS AND SINGLE SERVICE ARTICLES PROPERLY STORED: NO REUSE OF SINGLE SERVICE ARTICLES,3
Bar / Tavern / Liquor,Risk 3 (Low),pre_2018_code,14,"PREVIOUS SERIOUS VIOLATION CORRECTED, 7-42-090",3
Convenience / Gas Station,Risk 2 (Medium),pre_2018_code,37,TOILET ROOM DOORS SELF CLOSING: DRESSING ROOMS WITH LOCKERS PROVIDED: COMPLETE SEPARATION FROM LIVING/SLEEPING QUARTERS,3
Convenience / Gas Station,Risk 2 (Medium),pre_2018_code,41,"PREMISES MAINTAINED FREE OF LITTER, UNNECESSARY ARTICLES, CLEANING EQUIPMENT PROPERLY STORED",3
Unknown,Risk 1 (High),2018_code,33,PROPER COOLING METHODS USED; ADEQUATE EQUIPMENT FOR TEMPERATURE CONTROL,3
Bar / Tavern / Liquor,Risk 3 (Low),2018_code,61,SUMMARY REPORT DISPLAYED AND VISIBLE TO THE PUBLIC,3
Bar / Tavern / Liquor,Risk 2 (Medium),pre_2018_code,11,"ADEQUATE NUMBER, CONVENIENT, ACCESSIBLE, DESIGNED, AND MAINTAINED",3
Special Event / Venue,Risk 3 (Low),pre_2018_code,36,"LIGHTING: REQUIRED MINIMUM FOOT-CANDLES OF LIGHT PROVIDED, FIXTURES SHIELDED",3
Wholesale / Warehouse / Commissary,Risk 2 (Medium),pre_2018_code,2,FACILITIES TO MAINTAIN PROPER TEMPERATURE,3
Bakery,Risk 2 (Medium),2018_code,6,"PROPER EATING, TASTING, DRINKING, OR TOBACCO USE",3
Convenience / Gas Station,Risk 2 (Medium),pre_2018_code,33,"FOOD AND NON-FOOD CONTACT EQUIPMENT UTENSILS CLEAN, FREE OF ABRASIVE DETERGENTS",3
School,Risk 1 (High),pre_2018_code,17,POTENTIALLY HAZARDOUS FOOD PROPERLY THAWED,3
Restaurant,Risk 1 (High),2018_code,42,WASHING FRUITS & VEGETABLES,3
Special Event / Venue,Risk 1 (High),2018_code,57,ALL FOOD EMPLOYEES HAVE FOOD HANDLER TRAINING,3
Mobile Food,Risk 3 (Low),pre_2018_code,24,"DISH WASHING FACILITIES: PROPERLY DESIGNED, CONSTRUCTED, MAINTAINED, INSTALLED, LOCATED AND OPERATED",3
Unknown,Risk 1 (High),2018_code,60,PREVIOUS CORE VIOLATION CORRECTED,3
Convenience / Gas Station,Risk 3 (Low),pre_2018_code,29,PREVIOUS MINOR VIOLATION(S) CORRECTED 7-42-090,3
Catering / Banquet,Risk 3 (Low),2018_code,50,HOT & COLD WATER AVAILABLE; ADEQUATE PRESSURE,3
Unknown,Risk 1 (High),2018_code,54,GARBAGE & REFUSE PROPERLY DISPOSED; FACILITIES MAINTAINED,3
Wholesale / Warehouse / Commissary,Risk 1 (High),2018_code,36,THERMOMETERS PROVIDED & ACCURATE,3
Restaurant,Risk 3 (Low),2018_code,25,CONSUMER ADVISORY PROVIDED FOR RAW/UNDERCOOKED FOOD,3
Social Service / Shelter,Risk 1 (High),2018_code,39,"CONTAMINATION PREVENTED DURING FOOD PREPARATION, STORAGE & DISPLAY",3
Social Service / Shelter,Risk 1 (High),2018_code,49,NON-FOOD/FOOD CONTACT SURFACES CLEAN,3
Grocery Store,Risk 2 (Medium),pre_2018_code,17,POTENTIALLY HAZARDOUS FOOD PROPERLY THAWED,3
Other,Risk 2 (Medium),2018_code,41,WIPING CLOTHS: PROPERLY USED & STORED,3
Mobile Food,Risk 3 (Low),2018_code,36,THERMOMETERS PROVIDED & ACCURATE,3
Mobile Food,Risk 1 (High),2018_code,47,"FOOD & NON-FOOD CONTACT SURFACES CLEANABLE, PROPERLY DESIGNED, CONSTRUCTED & USED",3
School,Risk 2 (Medium),pre_2018_code,28,* INSPECTION REPORT SUMMARY DISPLAYED AND VISIBLE TO ALL CUSTOMERS,3
Restaurant,Risk 1 (High),2018_code,12,FOOD RECEIVED AT PROPER TEMPERATURE,3
Convenience / Gas Station,Risk 2 (Medium),2018_code,52,SEWAGE & WASTE WATER PROPERLY DISPOSED,3
Bar / Tavern / Liquor,Risk 2 (Medium),pre_2018_code,33,"FOOD AND NON-FOOD CONTACT EQUIPMENT UTENSILS CLEAN, FREE OF ABRASIVE DETERGENTS",3
Convenience / Gas Station,Risk 2 (Medium),pre_2018_code,35,"WALLS, CEILINGS, ATTACHED EQUIPMENT CONSTRUCTED PER CODE: GOOD REPAIR, SURFACES CLEAN AND DUST-LESS CLEANING METHODS",3
Special Event / Venue,Risk 1 (High),2018_code,47,"FOOD & NON-FOOD CONTACT SURFACES CLEANABLE, PROPERLY DESIGNED, CONSTRUCTED & USED",3
Unknown,Risk 3 (Low),pre_2018_code,41,"PREMISES MAINTAINED FREE OF LITTER, UNNECESSARY ARTICLES, CLEANING EQUIPMENT PROPERLY STORED",3
Social Service / Shelter,Risk 2 (Medium),2018_code,48,"WAREWASHING FACILITIES: INSTALLED, MAINTAINED & USED; TEST STRIPS",3
Mobile Food,Risk 2 (Medium),pre_2018_code,20,"INSIDE CONTAINERS OR RECEPTACLES: ADEQUATE NUMBER, PROPERLY COVERED AND INSECT/RODENT PROOF",3
Catering / Banquet,Risk 3 (Low),2018_code,51,PLUMBING INSTALLED; PROPER BACKFLOW DEVICES,3
Long Term Care / Health,Risk 1 (High),2018_code,6,"PROPER EATING, TASTING, DRINKING, OR TOBACCO USE",3
Mobile Food,Risk 1 (High),2018_code,36,THERMOMETERS PROVIDED & ACCURATE,3
Restaurant,Risk 3 (Low),pre_2018_code,27,"TOILET ROOMS ENCLOSED CLEAN, PROVIDED WITH HAND CLEANSER, SANITARY HAND DRYING DEVICES AND PROPER WASTE RECEPTACLES",3
Mobile Food,Risk 3 (Low),pre_2018_code,31,CLEAN MULTI-USE UTENSILS AND SINGLE SERVICE ARTICLES PROPERLY STORED: NO REUSE OF SINGLE SERVICE ARTICLES,3
Wholesale / Warehouse / Commissary,Risk 1 (High),2018_code,52,SEWAGE & WASTE WATER PROPERLY DISPOSED,3
Catering / Banquet,Risk 1 (High),2018_code,33,PROPER COOLING METHODS USED; ADEQUATE EQUIPMENT FOR TEMPERATURE CONTROL,3
Mobile Food,Risk 2 (Medium),pre_2018_code,42,APPROPRIATE METHOD OF HANDLING OF FOOD (ICE) HAIR RESTRAINTS AND CLEAN APPAREL WORN,3
Unknown,Risk 3 (Low),2018_code,38,"INSECTS, RODENTS, & ANIMALS NOT PRESENT",3
Other,Risk 3 (Low),pre_2018_code,11,"ADEQUATE NUMBER, CONVENIENT, ACCESSIBLE, DESIGNED, AND MAINTAINED",3
Mobile Food,Risk 3 (Low),pre_2018_code,19,"OUTSIDE GARBAGE WASTE GREASE AND STORAGE AREA; CLEAN, RODENT PROOF, ALL CONTAINERS COVERED",3
Catering / Banquet,Risk 3 (Low),2018_code,56,ADEQUATE VENTILATION & LIGHTING; DESIGNATED AREAS USED,3
Convenience / Gas Station,Risk 2 (Medium),pre_2018_code,40,REFRIGERATION AND METAL STEM THERMOMETERS PROVIDED AND CONSPICUOUS,3
Wholesale / Warehouse / Commissary,Risk 1 (High),2018_code,23,PROPER DATE MARKING AND DISPOSITION,3
Wholesale / Warehouse / Commissary,Risk 2 (Medium),2018_code,3,"MANAGEMENT, FOOD EMPLOYEE AND CONDITIONAL EMPLOYEE; KNOWLEDGE, RESPONSIBILITIES AND REPORTING",3
Unknown,Risk 3 (Low),pre_2018_code,38,VENTILATION: ROOMS AND EQUIPMENT VENTED AS REQUIRED: PLUMBING: INSTALLED AND MAINTAINED,3
Catering / Banquet,Risk 3 (Low),pre_2018_code,33,"FOOD AND NON-FOOD CONTACT EQUIPMENT UTENSILS CLEAN, FREE OF ABRASIVE DETERGENTS",3
Other,Risk 3 (Low),pre_2018_code,35,"WALLS, CEILINGS, ATTACHED EQUIPMENT CONSTRUCTED PER CODE: GOOD REPAIR, SURFACES CLEAN AND DUST-LESS CLEANING METHODS",3
Bakery,Risk 1 (High),2018_code,15,FOOD SEPARATED AND PROTECTED,3
Convenience / Gas Station,Risk 3 (Low),2018_code,59,PREVIOUS PRIORITY FOUNDATION VIOLATION CORRECTED,3
Catering / Banquet,Risk 3 (Low),2018_code,44,"UTENSILS, EQUIPMENT & LINENS: PROPERLY STORED, DRIED, & HANDLED",3
Grocery Store,Risk 1 (High),pre_2018_code,44,ONLY AUTHORIZED PERSONNEL IN THE FOOD-PREP AREA,3
Special Event / Venue,Risk 2 (Medium),pre_2018_code,12,"HAND WASHING FACILITIES: WITH SOAP AND SANITARY HAND DRYING DEVICES, CONVENIENT AND ACCESSIBLE TO FOOD PREP AREA",3
Wholesale / Warehouse / Commissary,Risk 2 (Medium),2018_code,57,ALL FOOD EMPLOYEES HAVE FOOD HANDLER TRAINING,3
Catering / Banquet,Risk 3 (Low),2018_code,53,"TOILET FACILITIES: PROPERLY CONSTRUCTED, SUPPLIED, & CLEANED",3
Special Event / Venue,Risk 3 (Low),2018_code,56,ADEQUATE VENTILATION & LIGHTING; DESIGNATED AREAS USED,3
Mobile Food,Risk 3 (Low),2018_code,10,ADEQUATE HANDWASHING SINKS PROPERLY SUPPLIED AND ACCESSIBLE,3
Bakery,Risk 1 (High),2018_code,28,"TOXIC SUBSTANCES PROPERLY IDENTIFIED, STORED, & USED",3
School,Risk 1 (High),2018_code,13,"FOOD IN GOOD CONDITION, SAFE, & UNADULTERATED",3
Special Event / Venue,Risk 3 (Low),pre_2018_code,40,REFRIGERATION AND METAL STEM THERMOMETERS PROVIDED AND CONSPICUOUS,3
Convenience / Gas Station,Risk 3 (Low),2018_code,16,FOOD-CONTACT SURFACES: CLEANED & SANITIZED,3
Bakery,Risk 1 (High),2018_code,64,MISCELLANEOUS / PUBLIC HEALTH ORDERS,3
School,Risk 3 (Low),pre_2018_code,29,PREVIOUS MINOR VIOLATION(S) CORRECTED 7-42-090,3
Other,Risk 2 (Medium),2018_code,16,FOOD-CONTACT SURFACES: CLEANED & SANITIZED,3
Childcare / Daycare,Risk 1 (High),pre_2018_code,20,"INSIDE CONTAINERS OR RECEPTACLES: ADEQUATE NUMBER, PROPERLY COVERED AND INSECT/RODENT PROOF",3
Special Event / Venue,Risk 3 (Low),pre_2018_code,19,"OUTSIDE GARBAGE WASTE GREASE AND STORAGE AREA; CLEAN, RODENT PROOF, ALL CONTAINERS COVERED",3
School,Risk 2 (Medium),pre_2018_code,31,CLEAN MULTI-USE UTENSILS AND SINGLE SERVICE ARTICLES PROPERLY STORED: NO REUSE OF SINGLE SERVICE ARTICLES,3
Bakery,Risk 2 (Medium),pre_2018_code,44,ONLY AUTHORIZED PERSONNEL IN THE FOOD-PREP AREA,3
Mobile Food,Risk 2 (Medium),2018_code,58,ALLERGEN TRAINING AS REQUIRED,3
Wholesale / Warehouse / Commissary,Risk 1 (High),pre_2018_code,12,"HAND WASHING FACILITIES: WITH SOAP AND SANITARY HAND DRYING DEVICES, CONVENIENT AND ACCESSIBLE TO FOOD PREP AREA",3
Grocery Store,Risk 1 (High),pre_2018_code,20,"INSIDE CONTAINERS OR RECEPTACLES: ADEQUATE NUMBER, PROPERLY COVERED AND INSECT/RODENT PROOF",3
Mobile Food,Risk 3 (Low),2018_code,11,FOOD OBTAINED FROM APPROVED SOURCE,3
Wholesale / Warehouse / Commissary,Risk 3 (Low),2018_code,55,"PHYSICAL FACILITIES INSTALLED, MAINTAINED & CLEAN",3
Grocery Store,Risk 3 (Low),pre_2018_code,6,"HANDS WASHED AND CLEANED, GOOD HYGIENIC PRACTICES; NO BARE HAND CONTACT WITH READY-TO-EAT FOODS.",3
Other,Risk 3 (Low),pre_2018_code,34,"FLOORS: CONSTRUCTED PER CODE, CLEANED, GOOD REPAIR, COVING INSTALLED, DUST-LESS CLEANING METHODS USED",3
Restaurant,Risk 2 (Medium),2018_code,27,FOOD ADDITIVES: APPROVED AND PROPERLY USED,3
Social Service / Shelter,Risk 1 (High),pre_2018_code,22,"DISH MACHINES: PROVIDED WITH ACCURATE THERMOMETERS, CHEMICAL TEST KITS AND SUITABLE GAUGE COCK",3
Special Event / Venue,Risk 2 (Medium),pre_2018_code,36,"LIGHTING: REQUIRED MINIMUM FOOT-CANDLES OF LIGHT PROVIDED, FIXTURES SHIELDED",3
Restaurant,Risk 3 (Low),pre_2018_code,1,"SOURCE SOUND CONDITION, NO SPOILAGE, FOODS PROPERLY LABELED, SHELLFISH TAGS IN PLACE",3
Wholesale / Warehouse / Commissary,Risk 3 (Low),pre_2018_code,13,"NO EVIDENCE OF RODENT OR INSECT INFESTATION, NO BIRDS, TURTLES OR OTHER ANIMALS",3
Wholesale / Warehouse / Commissary,Risk 2 (Medium),pre_2018_code,40,REFRIGERATION AND METAL STEM THERMOMETERS PROVIDED AND CONSPICUOUS,3
Mobile Food,Risk 1 (High),pre_2018_code,1,"SOURCE SOUND CONDITION, NO SPOILAGE, FOODS PROPERLY LABELED, SHELLFISH TAGS IN PLACE",3
Bakery,Risk 1 (High),pre_2018_code,26,"ADEQUATE NUMBER, CONVENIENT, ACCESSIBLE, PROPERLY DESIGNED AND INSTALLED",3
Bar / Tavern / Liquor,Risk 2 (Medium),pre_2018_code,4,"SOURCE OF CROSS CONTAMINATION CONTROLLED I.E. CUTTING BOARDS, FOOD HANDLERS, UTENSILS, ETC",3
Restaurant,Risk 3 (Low),2018_code,45,SINGLE-USE/SINGLE-SERVICE ARTICLES: PROPERLY STORED & USED,3
Bar / Tavern / Liquor,Risk 3 (Low),2018_code,1,"PERSON IN CHARGE PRESENT, DEMONSTRATES KNOWLEDGE, AND PERFORMS DUTIES",3
Special Event / Venue,Risk 2 (Medium),2018_code,57,ALL FOOD EMPLOYEES HAVE FOOD HANDLER TRAINING,3
Unknown,Risk 2 (Medium),2018_code,59,PREVIOUS PRIORITY FOUNDATION VIOLATION CORRECTED,3
Bar / Tavern / Liquor,Risk 3 (Low),2018_code,45,SINGLE-USE/SINGLE-SERVICE ARTICLES: PROPERLY STORED & USED,3
Convenience / Gas Station,Risk 2 (Medium),pre_2018_code,32,"FOOD AND NON-FOOD CONTACT SURFACES PROPERLY DESIGNED, CONSTRUCTED AND MAINTAINED",3
Restaurant,Risk 3 (Low),2018_code,40,PERSONAL CLEANLINESS,3
School,Risk 3 (Low),2018_code,53,"TOILET FACILITIES: PROPERLY CONSTRUCTED, SUPPLIED, & CLEANED",3
School,Risk 1 (High),2018_code,6,"PROPER EATING, TASTING, DRINKING, OR TOBACCO USE",3
Bar / Tavern / Liquor,Risk 2 (Medium),pre_2018_code,35,"WALLS, CEILINGS, ATTACHED EQUIPMENT CONSTRUCTED PER CODE: GOOD REPAIR, SURFACES CLEAN AND DUST-LESS CLEANING METHODS",3
Wholesale / Warehouse / Commissary,Risk 1 (High),pre_2018_code,9,"WATER SOURCE: SAFE, HOT & COLD UNDER CITY PRESSURE",3
Convenience / Gas Station,Risk 3 (Low),2018_code,22,PROPER COLD HOLDING TEMPERATURES,3
Mobile Food,Risk 1 (High),2018_code,25,CONSUMER ADVISORY PROVIDED FOR RAW/UNDERCOOKED FOOD,3
Convenience / Gas Station,Risk 2 (Medium),2018_code,51,PLUMBING INSTALLED; PROPER BACKFLOW DEVICES,3
Special Event / Venue,Risk 2 (Medium),2018_code,56,ADEQUATE VENTILATION & LIGHTING; DESIGNATED AREAS USED,3
Grocery Store,Risk 1 (High),2018_code,20,PROPER COOLING TIME AND TEMPERATURE,3
Bar / Tavern / Liquor,Risk 3 (Low),2018_code,28,"TOXIC SUBSTANCES PROPERLY IDENTIFIED, STORED, & USED",3
Wholesale / Warehouse / Commissary,Risk 1 (High),2018_code,1,"PERSON IN CHARGE PRESENT, DEMONSTRATES KNOWLEDGE, AND PERFORMS DUTIES",3
Unknown,Risk 2 (Medium),2018_code,55,"PHYSICAL FACILITIES INSTALLED, MAINTAINED & CLEAN",3
Mobile Food,Risk 3 (Low),pre_2018_code,37,TOILET ROOM DOORS SELF CLOSING: DRESSING ROOMS WITH LOCKERS PROVIDED: COMPLETE SEPARATION FROM LIVING/SLEEPING QUARTERS,3
Childcare / Daycare,Risk 2 (Medium),pre_2018_code,18,"NO EVIDENCE OF RODENT OR INSECT OUTER OPENINGS PROTECTED/RODENT PROOFED, A WRITTEN LOG SHALL BE MAINTAINED AVAILABLE TO THE INSPECTORS",3
Special Event / Venue,Risk 2 (Medium),pre_2018_code,2,FACILITIES TO MAINTAIN PROPER TEMPERATURE,3
Social Service / Shelter,Risk 2 (Medium),2018_code,36,THERMOMETERS PROVIDED & ACCURATE,3
Unknown,Risk 3 (Low),2018_code,55,"PHYSICAL FACILITIES INSTALLED, MAINTAINED & CLEAN",3
School,Risk 1 (High),2018_code,19,PROPER REHEATING PROCEDURES FOR HOT HOLDING,3
School,Risk 3 (Low),pre_2018_code,2,FACILITIES TO MAINTAIN PROPER TEMPERATURE,3
Social Service / Shelter,Risk 1 (High),pre_2018_code,3,"POTENTIALLY HAZARDOUS FOOD MEETS TEMPERATURE REQUIREMENT DURING STORAGE, PREPARATION DISPLAY AND SERVICE",3
Catering / Banquet,Risk 1 (High),2018_code,29,COMPLIANCE WITH VARIANCE/SPECIALIZED PROCESS/HACCP,3
Grocery Store,Risk 2 (Medium),2018_code,29,COMPLIANCE WITH VARIANCE/SPECIALIZED PROCESS/HACCP,3
Convenience / Gas Station,Risk 2 (Medium),pre_2018_code,3,"POTENTIALLY HAZARDOUS FOOD MEETS TEMPERATURE REQUIREMENT DURING STORAGE, PREPARATION DISPLAY AND SERVICE",3
Restaurant,Risk 1 (High),pre_2018_code,23,"DISHES AND UTENSILS FLUSHED, SCRAPED, SOAKED",3
Mobile Food,Risk 2 (Medium),2018_code,23,PROPER DATE MARKING AND DISPOSITION,3
Other,Risk 2 (Medium),2018_code,53,"TOILET FACILITIES: PROPERLY CONSTRUCTED, SUPPLIED, & CLEANED",3
Special Event / Venue,Risk 1 (High),2018_code,21,PROPER HOT HOLDING TEMPERATURES,3
Unknown,Risk 1 (High),2018_code,22,PROPER COLD HOLDING TEMPERATURES,3
Mobile Food,Risk 3 (Low),2018_code,22,PROPER COLD HOLDING TEMPERATURES,2
Other,Risk 3 (Low),2018_code,5,PROCEDURES FOR RESPONDING TO VOMITING AND DIARRHEAL EVENTS,2
Mobile Food,Risk 1 (High),pre_2018_code,9,"WATER SOURCE: SAFE, HOT & COLD UNDER CITY PRESSURE",2
Special Event / Venue,Risk 1 (High),pre_2018_code,42,APPROPRIATE METHOD OF HANDLING OF FOOD (ICE) HAIR RESTRAINTS AND CLEAN APPAREL WORN,2
Unknown,Risk 1 (High),2018_code,36,THERMOMETERS PROVIDED & ACCURATE,2
Mobile Food,Risk 1 (High),2018_code,38,"INSECTS, RODENTS, & ANIMALS NOT PRESENT",2
Bar / Tavern / Liquor,Risk 3 (Low),pre_2018_code,20,"INSIDE CONTAINERS OR RECEPTACLES: ADEQUATE NUMBER, PROPERLY COVERED AND INSECT/RODENT PROOF",2
Bar / Tavern / Liquor,Risk 3 (Low),pre_2018_code,21,* CERTIFIED FOOD MANAGER ON SITE WHEN POTENTIALLY HAZARDOUS FOODS ARE PREPARED AND SERVED,2
Bar / Tavern / Liquor,Risk 2 (Medium),pre_2018_code,24,"DISH WASHING FACILITIES: PROPERLY DESIGNED, CONSTRUCTED, MAINTAINED, INSTALLED, LOCATED AND OPERATED",2
Social Service / Shelter,Risk 1 (High),2018_code,2,CITY OF CHICAGO FOOD SERVICE SANITATION CERTIFICATE,2
Bakery,Risk 1 (High),2018_code,46,GLOVES USED PROPERLY,2
Wholesale / Warehouse / Commissary,Risk 2 (Medium),pre_2018_code,31,CLEAN MULTI-USE UTENSILS AND SINGLE SERVICE ARTICLES PROPERLY STORED: NO REUSE OF SINGLE SERVICE ARTICLES,2
Bakery,Risk 1 (High),2018_code,35,APPROVED THAWING METHODS USED,2
Bar / Tavern / Liquor,Risk 1 (High),pre_2018_code,34,"FLOORS: CONSTRUCTED PER CODE, CLEANED, GOOD REPAIR, COVING INSTALLED, DUST-LESS CLEANING METHODS USED",2
Mobile Food,Risk 1 (High),pre_2018_code,20,"INSIDE CONTAINERS OR RECEPTACLES: ADEQUATE NUMBER, PROPERLY COVERED AND INSECT/RODENT PROOF",2
Social Service / Shelter,Risk 2 (Medium),2018_code,10,ADEQUATE HANDWASHING SINKS PROPERLY SUPPLIED AND ACCESSIBLE,2
Wholesale / Warehouse / Commissary,Risk 1 (High),pre_2018_code,45,FOOD HANDLER REQUIREMENTS MET,2
Wholesale / Warehouse / Commissary,Risk 1 (High),pre_2018_code,22,"DISH MACHINES: PROVIDED WITH ACCURATE THERMOMETERS, CHEMICAL TEST KITS AND SUITABLE GAUGE COCK",2
Bar / Tavern / Liquor,Risk 2 (Medium),2018_code,57,ALL FOOD EMPLOYEES HAVE FOOD HANDLER TRAINING,2
Bar / Tavern / Liquor,Risk 1 (High),pre_2018_code,18,"NO EVIDENCE OF RODENT OR INSECT OUTER OPENINGS PROTECTED/RODENT PROOFED, A WRITTEN LOG SHALL BE MAINTAINED AVAILABLE TO THE INSPECTORS",2
School,Risk 3 (Low),pre_2018_code,27,"TOILET ROOMS ENCLOSED CLEAN, PROVIDED WITH HAND CLEANSER, SANITARY HAND DRYING DEVICES AND PROPER WASTE RECEPTACLES",2
Unknown,Risk 2 (Medium),2018_code,56,ADEQUATE VENTILATION & LIGHTING; DESIGNATED AREAS USED,2
Restaurant,Risk 3 (Low),2018_code,15,FOOD SEPARATED AND PROTECTED,2
Mobile Food,Risk 1 (High),pre_2018_code,34,"FLOORS: CONSTRUCTED PER CODE, CLEANED, GOOD REPAIR, COVING INSTALLED, DUST-LESS CLEANING METHODS USED",2
Special Event / Venue,Risk 2 (Medium),2018_code,43,IN-USE UTENSILS: PROPERLY STORED,2
School,Risk 3 (Low),pre_2018_code,8,"SANITIZING RINSE FOR EQUIPMENT AND UTENSILS: CLEAN, PROPER TEMPERATURE, CONCENTRATION, EXPOSURE TIME",2
Wholesale / Warehouse / Commissary,Risk 1 (High),2018_code,44,"UTENSILS, EQUIPMENT & LINENS: PROPERLY STORED, DRIED, & HANDLED",2
Other,Risk 1 (High),pre_2018_code,18,"NO EVIDENCE OF RODENT OR INSECT OUTER OPENINGS PROTECTED/RODENT PROOFED, A WRITTEN LOG SHALL BE MAINTAINED AVAILABLE TO THE INSPECTORS",2
Special Event / Venue,Risk 3 (Low),2018_code,50,HOT & COLD WATER AVAILABLE; ADEQUATE PRESSURE,2
Wholesale / Warehouse / Commissary,Risk 2 (Medium),2018_code,60,PREVIOUS CORE VIOLATION CORRECTED,2
Catering / Banquet,Risk 2 (Medium),pre_2018_code,45,FOOD HANDLER REQUIREMENTS MET,2
Unknown,Risk 2 (Medium),2018_code,39,"CONTAMINATION PREVENTED DURING FOOD PREPARATION, STORAGE & DISPLAY",2
Bar / Tavern / Liquor,Risk 3 (Low),pre_2018_code,25,"TOXIC ITEMS PROPERLY STORED, LABELED AND USED",2
School,Risk 2 (Medium),pre_2018_code,27,"TOILET ROOMS ENCLOSED CLEAN, PROVIDED WITH HAND CLEANSER, SANITARY HAND DRYING DEVICES AND PROPER WASTE RECEPTACLES",2
Other,Risk 3 (Low),pre_2018_code,38,VENTILATION: ROOMS AND EQUIPMENT VENTED AS REQUIRED: PLUMBING: INSTALLED AND MAINTAINED,2
Unknown,Risk 2 (Medium),2018_code,38,"INSECTS, RODENTS, & ANIMALS NOT PRESENT",2
Other,Risk 1 (High),pre_2018_code,37,TOILET ROOM DOORS SELF CLOSING: DRESSING ROOMS WITH LOCKERS PROVIDED: COMPLETE SEPARATION FROM LIVING/SLEEPING QUARTERS,2
Bar / Tavern / Liquor,Risk 2 (Medium),2018_code,49,NON-FOOD/FOOD CONTACT SURFACES CLEAN,2
Grocery Store,Risk 2 (Medium),2018_code,32,VARIANCE OBTAINED FOR SPECIALIZED PROCESSING METHODS,2
Special Event / Venue,Risk 2 (Medium),pre_2018_code,22,"DISH MACHINES: PROVIDED WITH ACCURATE THERMOMETERS, CHEMICAL TEST KITS AND SUITABLE GAUGE COCK",2
Catering / Banquet,Risk 2 (Medium),2018_code,55,"PHYSICAL FACILITIES INSTALLED, MAINTAINED & CLEAN",2
Grocery Store,Risk 2 (Medium),2018_code,14,"REQUIRED RECORDS AVAILABLE: SHELLSTOCK TAGS, PARASITE DESTRUCTION",2
Mobile Food,Risk 1 (High),2018_code,1,"PERSON IN CHARGE PRESENT, DEMONSTRATES KNOWLEDGE, AND PERFORMS DUTIES",2
Other,Risk 1 (High),pre_2018_code,35,"WALLS, CEILINGS, ATTACHED EQUIPMENT CONSTRUCTED PER CODE: GOOD REPAIR, SURFACES CLEAN AND DUST-LESS CLEANING METHODS",2
Unknown,Risk 3 (Low),pre_2018_code,12,"HAND WASHING FACILITIES: WITH SOAP AND SANITARY HAND DRYING DEVICES, CONVENIENT AND ACCESSIBLE TO FOOD PREP AREA",2
Mobile Food,Risk 1 (High),2018_code,2,CITY OF CHICAGO FOOD SERVICE SANITATION CERTIFICATE,2
School,Risk 3 (Low),pre_2018_code,28,* INSPECTION REPORT SUMMARY DISPLAYED AND VISIBLE TO ALL CUSTOMERS,2
Childcare / Daycare,Risk 2 (Medium),pre_2018_code,38,VENTILATION: ROOMS AND EQUIPMENT VENTED AS REQUIRED: PLUMBING: INSTALLED AND MAINTAINED,2
Wholesale / Warehouse / Commissary,Risk 2 (Medium),pre_2018_code,8,"SANITIZING RINSE FOR EQUIPMENT AND UTENSILS: CLEAN, PROPER TEMPERATURE, CONCENTRATION, EXPOSURE TIME",2
Convenience / Gas Station,Risk 2 (Medium),pre_2018_code,9,"WATER SOURCE: SAFE, HOT & COLD UNDER CITY PRESSURE",2
Institutional Dining,Risk 1 (High),pre_2018_code,2,FACILITIES TO MAINTAIN PROPER TEMPERATURE,2
Catering / Banquet,Risk 3 (Low),pre_2018_code,32,"FOOD AND NON-FOOD CONTACT SURFACES PROPERLY DESIGNED, CONSTRUCTED AND MAINTAINED",2
Wholesale / Warehouse / Commissary,Risk 3 (Low),pre_2018_code,3,"POTENTIALLY HAZARDOUS FOOD MEETS TEMPERATURE REQUIREMENT DURING STORAGE, PREPARATION DISPLAY AND SERVICE",2
Special Event / Venue,Risk 2 (Medium),pre_2018_code,37,TOILET ROOM DOORS SELF CLOSING: DRESSING ROOMS WITH LOCKERS PROVIDED: COMPLETE SEPARATION FROM LIVING/SLEEPING QUARTERS,2
Special Event / Venue,Risk 3 (Low),pre_2018_code,43,"FOOD (ICE) DISPENSING UTENSILS, WASH CLOTHS PROPERLY STORED",2
Restaurant,Risk 3 (Low),2018_code,61,SUMMARY REPORT DISPLAYED AND VISIBLE TO THE PUBLIC,2
Other,Risk 3 (Low),2018_code,38,"INSECTS, RODENTS, & ANIMALS NOT PRESENT",2
Mobile Food,Risk 1 (High),pre_2018_code,10,"SEWAGE AND WASTE WATER DISPOSAL, NO BACK SIPHONAGE, CROSS CONNECTION AND/OR BACK FLOW",2
Social Service / Shelter,Risk 3 (Low),2018_code,54,GARBAGE & REFUSE PROPERLY DISPOSED; FACILITIES MAINTAINED,2
Convenience / Gas Station,Risk 3 (Low),2018_code,45,SINGLE-USE/SINGLE-SERVICE ARTICLES: PROPERLY STORED & USED,2
School,Risk 1 (High),pre_2018_code,1,"SOURCE SOUND CONDITION, NO SPOILAGE, FOODS PROPERLY LABELED, SHELLFISH TAGS IN PLACE",2
Special Event / Venue,Risk 2 (Medium),pre_2018_code,26,"ADEQUATE NUMBER, CONVENIENT, ACCESSIBLE, PROPERLY DESIGNED AND INSTALLED",2
Bakery,Risk 1 (High),2018_code,13,"FOOD IN GOOD CONDITION, SAFE, & UNADULTERATED",2
Convenience / Gas Station,Risk 3 (Low),pre_2018_code,12,"HAND WASHING FACILITIES: WITH SOAP AND SANITARY HAND DRYING DEVICES, CONVENIENT AND ACCESSIBLE TO FOOD PREP AREA",2
Social Service / Shelter,Risk 2 (Medium),pre_2018_code,18,"NO EVIDENCE OF RODENT OR INSECT OUTER OPENINGS PROTECTED/RODENT PROOFED, A WRITTEN LOG SHALL BE MAINTAINED AVAILABLE TO THE INSPECTORS",2
Catering / Banquet,Risk 1 (High),pre_2018_code,28,* INSPECTION REPORT SUMMARY DISPLAYED AND VISIBLE TO ALL CUSTOMERS,2
Social Service / Shelter,Risk 2 (Medium),2018_code,39,"CONTAMINATION PREVENTED DURING FOOD PREPARATION, STORAGE & DISPLAY",2
Unknown,Risk 2 (Medium),2018_code,51,PLUMBING INSTALLED; PROPER BACKFLOW DEVICES,2
Bakery,Risk 2 (Medium),pre_2018_code,1,"SOURCE SOUND CONDITION, NO SPOILAGE, FOODS PROPERLY LABELED, SHELLFISH TAGS IN PLACE",2
Catering / Banquet,Risk 2 (Medium),2018_code,48,"WAREWASHING FACILITIES: INSTALLED, MAINTAINED & USED; TEST STRIPS",2
Bar / Tavern / Liquor,Risk 1 (High),2018_code,51,PLUMBING INSTALLED; PROPER BACKFLOW DEVICES,2
Special Event / Venue,Risk 2 (Medium),pre_2018_code,40,REFRIGERATION AND METAL STEM THERMOMETERS PROVIDED AND CONSPICUOUS,2
Bar / Tavern / Liquor,Risk 3 (Low),2018_code,15,FOOD SEPARATED AND PROTECTED,2
Institutional Dining,Risk 1 (High),pre_2018_code,11,"ADEQUATE NUMBER, CONVENIENT, ACCESSIBLE, DESIGNED, AND MAINTAINED",2
Catering / Banquet,Risk 3 (Low),pre_2018_code,11,"ADEQUATE NUMBER, CONVENIENT, ACCESSIBLE, DESIGNED, AND MAINTAINED",2
Catering / Banquet,Risk 2 (Medium),2018_code,38,"INSECTS, RODENTS, & ANIMALS NOT PRESENT",2
Convenience / Gas Station,Risk 2 (Medium),pre_2018_code,19,"OUTSIDE GARBAGE WASTE GREASE AND STORAGE AREA; CLEAN, RODENT PROOF, ALL CONTAINERS COVERED",2
Catering / Banquet,Risk 1 (High),2018_code,8,HANDS CLEAN & PROPERLY WASHED,2
Bar / Tavern / Liquor,Risk 1 (High),pre_2018_code,36,"LIGHTING: REQUIRED MINIMUM FOOT-CANDLES OF LIGHT PROVIDED, FIXTURES SHIELDED",2
Catering / Banquet,Risk 2 (Medium),pre_2018_code,32,"FOOD AND NON-FOOD CONTACT SURFACES PROPERLY DESIGNED, CONSTRUCTED AND MAINTAINED",2
Restaurant,Risk 3 (Low),2018_code,43,IN-USE UTENSILS: PROPERLY STORED,2
Bar / Tavern / Liquor,Risk 3 (Low),2018_code,37,FOOD PROPERLY LABELED; ORIGINAL CONTAINER,2
Wholesale / Warehouse / Commissary,Risk 3 (Low),2018_code,10,ADEQUATE HANDWASHING SINKS PROPERLY SUPPLIED AND ACCESSIBLE,2
Social Service / Shelter,Risk 1 (High),2018_code,54,GARBAGE & REFUSE PROPERLY DISPOSED; FACILITIES MAINTAINED,2
Social Service / Shelter,Risk 1 (High),pre_2018_code,8,"SANITIZING RINSE FOR EQUIPMENT AND UTENSILS: CLEAN, PROPER TEMPERATURE, CONCENTRATION, EXPOSURE TIME",2
Other,Risk 1 (High),pre_2018_code,38,VENTILATION: ROOMS AND EQUIPMENT VENTED AS REQUIRED: PLUMBING: INSTALLED AND MAINTAINED,2
Bar / Tavern / Liquor,Risk 1 (High),2018_code,53,"TOILET FACILITIES: PROPERLY CONSTRUCTED, SUPPLIED, & CLEANED",2
Bakery,Risk 2 (Medium),pre_2018_code,27,"TOILET ROOMS ENCLOSED CLEAN, PROVIDED WITH HAND CLEANSER, SANITARY HAND DRYING DEVICES AND PROPER WASTE RECEPTACLES",2
Wholesale / Warehouse / Commissary,Risk 1 (High),pre_2018_code,13,"NO EVIDENCE OF RODENT OR INSECT INFESTATION, NO BIRDS, TURTLES OR OTHER ANIMALS",2
Wholesale / Warehouse / Commissary,Risk 2 (Medium),2018_code,9,NO BARE HAND CONTACT WITH RTE FOOD OR A PRE-APPROVED ALTERNATIVE PROCEDURE PROPERLY ALLOWED,2
Other,Risk 2 (Medium),pre_2018_code,9,"WATER SOURCE: SAFE, HOT & COLD UNDER CITY PRESSURE",2
School,Risk 2 (Medium),2018_code,22,PROPER COLD HOLDING TEMPERATURES,2
Bar / Tavern / Liquor,Risk 1 (High),2018_code,5,PROCEDURES FOR RESPONDING TO VOMITING AND DIARRHEAL EVENTS,2
Other,Risk 1 (High),pre_2018_code,34,"FLOORS: CONSTRUCTED PER CODE, CLEANED, GOOD REPAIR, COVING INSTALLED, DUST-LESS CLEANING METHODS USED",2
Bar / Tavern / Liquor,Risk 2 (Medium),pre_2018_code,16,"FOOD PROTECTED DURING STORAGE, PREPARATION, DISPLAY, SERVICE AND TRANSPORTATION",2
Childcare / Daycare,Risk 2 (Medium),pre_2018_code,35,"WALLS, CEILINGS, ATTACHED EQUIPMENT CONSTRUCTED PER CODE: GOOD REPAIR, SURFACES CLEAN AND DUST-LESS CLEANING METHODS",2
School,Risk 2 (Medium),2018_code,33,PROPER COOLING METHODS USED; ADEQUATE EQUIPMENT FOR TEMPERATURE CONTROL,2
Wholesale / Warehouse / Commissary,Risk 1 (High),pre_2018_code,3,"POTENTIALLY HAZARDOUS FOOD MEETS TEMPERATURE REQUIREMENT DURING STORAGE, PREPARATION DISPLAY AND SERVICE",2
Catering / Banquet,Risk 1 (High),2018_code,28,"TOXIC SUBSTANCES PROPERLY IDENTIFIED, STORED, & USED",2
Special Event / Venue,Risk 3 (Low),pre_2018_code,24,"DISH WASHING FACILITIES: PROPERLY DESIGNED, CONSTRUCTED, MAINTAINED, INSTALLED, LOCATED AND OPERATED",2
Mobile Food,Risk 1 (High),pre_2018_code,16,"FOOD PROTECTED DURING STORAGE, PREPARATION, DISPLAY, SERVICE AND TRANSPORTATION",2
Special Event / Venue,Risk 2 (Medium),pre_2018_code,45,FOOD HANDLER REQUIREMENTS MET,2
Mobile Food,Risk 2 (Medium),2018_code,43,IN-USE UTENSILS: PROPERLY STORED,2
Bar / Tavern / Liquor,Risk 1 (High),pre_2018_code,33,"FOOD AND NON-FOOD CONTACT EQUIPMENT UTENSILS CLEAN, FREE OF ABRASIVE DETERGENTS",2
Bar / Tavern / Liquor,Risk 1 (High),pre_2018_code,2,FACILITIES TO MAINTAIN PROPER TEMPERATURE,2
Social Service / Shelter,Risk 2 (Medium),pre_2018_code,26,"ADEQUATE NUMBER, CONVENIENT, ACCESSIBLE, PROPERLY DESIGNED AND INSTALLED",2
Convenience / Gas Station,Risk 2 (Medium),2018_code,36,THERMOMETERS PROVIDED & ACCURATE,2
Wholesale / Warehouse / Commissary,Risk 3 (Low),pre_2018_code,1,"SOURCE SOUND CONDITION, NO SPOILAGE, FOODS PROPERLY LABELED, SHELLFISH TAGS IN PLACE",2
Special Event / Venue,Risk 1 (High),2018_code,60,PREVIOUS CORE VIOLATION CORRECTED,2
Catering / Banquet,Risk 2 (Medium),pre_2018_code,36,"LIGHTING: REQUIRED MINIMUM FOOT-CANDLES OF LIGHT PROVIDED, FIXTURES SHIELDED",2
Convenience / Gas Station,Risk 3 (Low),pre_2018_code,16,"FOOD PROTECTED DURING STORAGE, PREPARATION, DISPLAY, SERVICE AND TRANSPORTATION",2
Other,Risk 1 (High),pre_2018_code,32,"FOOD AND NON-FOOD CONTACT SURFACES PROPERLY DESIGNED, CONSTRUCTED AND MAINTAINED",2
Restaurant,Risk 3 (Low),2018_code,22,PROPER COLD HOLDING TEMPERATURES,2
Social Service / Shelter,Risk 1 (High),pre_2018_code,40,REFRIGERATION AND METAL STEM THERMOMETERS PROVIDED AND CONSPICUOUS,2
Bar / Tavern / Liquor,Risk 3 (Low),pre_2018_code,45,FOOD HANDLER REQUIREMENTS MET,2
Unknown,Risk 3 (Low),pre_2018_code,13,"NO EVIDENCE OF RODENT OR INSECT INFESTATION, NO BIRDS, TURTLES OR OTHER ANIMALS",2
School,Risk 3 (Low),2018_code,41,WIPING CLOTHS: PROPERLY USED & STORED,2
Special Event / Venue,Risk 2 (Medium),2018_code,2,CITY OF CHICAGO FOOD SERVICE SANITATION CERTIFICATE,2
Mobile Food,Risk 1 (High),2018_code,48,"WAREWASHING FACILITIES: INSTALLED, MAINTAINED & USED; TEST STRIPS",2
Catering / Banquet,Risk 1 (High),2018_code,59,PREVIOUS PRIORITY FOUNDATION VIOLATION CORRECTED,2
Social Service / Shelter,Risk 1 (High),2018_code,45,SINGLE-USE/SINGLE-SERVICE ARTICLES: PROPERLY STORED & USED,2
School,Risk 3 (Low),2018_code,44,"UTENSILS, EQUIPMENT & LINENS: PROPERLY STORED, DRIED, & HANDLED",2
Special Event / Venue,Risk 3 (Low),pre_2018_code,26,"ADEQUATE NUMBER, CONVENIENT, ACCESSIBLE, PROPERLY DESIGNED AND INSTALLED",2
Unknown,Risk 2 (Medium),pre_2018_code,11,"ADEQUATE NUMBER, CONVENIENT, ACCESSIBLE, DESIGNED, AND MAINTAINED",2
School,Risk 1 (High),2018_code,17,"PROPER DISPOSITION OF RETURNED, PREVIOUSLY SERVED, RECONDITIONED & UNSAFE FOOD",2
Restaurant,Risk 3 (Low),pre_2018_code,28,* INSPECTION REPORT SUMMARY DISPLAYED AND VISIBLE TO ALL CUSTOMERS,2
Catering / Banquet,Risk 1 (High),pre_2018_code,10,"SEWAGE AND WASTE WATER DISPOSAL, NO BACK SIPHONAGE, CROSS CONNECTION AND/OR BACK FLOW",2
Social Service / Shelter,Risk 2 (Medium),pre_2018_code,34,"FLOORS: CONSTRUCTED PER CODE, CLEANED, GOOD REPAIR, COVING INSTALLED, DUST-LESS CLEANING METHODS USED",2
Mobile Food,Risk 1 (High),2018_code,50,HOT & COLD WATER AVAILABLE; ADEQUATE PRESSURE,2
Catering / Banquet,Risk 3 (Low),pre_2018_code,35,"WALLS, CEILINGS, ATTACHED EQUIPMENT CONSTRUCTED PER CODE: GOOD REPAIR, SURFACES CLEAN AND DUST-LESS CLEANING METHODS",2
Unknown,Risk 3 (Low),2018_code,5,PROCEDURES FOR RESPONDING TO VOMITING AND DIARRHEAL EVENTS,2
Special Event / Venue,Risk 2 (Medium),pre_2018_code,29,PREVIOUS MINOR VIOLATION(S) CORRECTED 7-42-090,2
Social Service / Shelter,Risk 1 (High),2018_code,47,"FOOD & NON-FOOD CONTACT SURFACES CLEANABLE, PROPERLY DESIGNED, CONSTRUCTED & USED",2
Catering / Banquet,Risk 1 (High),2018_code,52,SEWAGE & WASTE WATER PROPERLY DISPOSED,2
Other,Risk 2 (Medium),pre_2018_code,16,"FOOD PROTECTED DURING STORAGE, PREPARATION, DISPLAY, SERVICE AND TRANSPORTATION",2
Restaurant,Risk 3 (Low),2018_code,37,FOOD PROPERLY LABELED; ORIGINAL CONTAINER,2
Unknown,Risk 2 (Medium),2018_code,37,FOOD PROPERLY LABELED; ORIGINAL CONTAINER,2
Special Event / Venue,Risk 1 (High),2018_code,54,GARBAGE & REFUSE PROPERLY DISPOSED; FACILITIES MAINTAINED,2
Bakery,Risk 1 (High),pre_2018_code,70,NO SMOKING REGULATIONS,2
Bakery,Risk 2 (Medium),pre_2018_code,39,LINEN: CLEAN AND SOILED PROPERLY STORED,2
Catering / Banquet,Risk 3 (Low),2018_code,59,PREVIOUS PRIORITY FOUNDATION VIOLATION CORRECTED,2
Catering / Banquet,Risk 2 (Medium),pre_2018_code,35,"WALLS, CEILINGS, ATTACHED EQUIPMENT CONSTRUCTED PER CODE: GOOD REPAIR, SURFACES CLEAN AND DUST-LESS CLEANING METHODS",2
Social Service / Shelter,Risk 1 (High),pre_2018_code,2,FACILITIES TO MAINTAIN PROPER TEMPERATURE,2
Special Event / Venue,Risk 2 (Medium),pre_2018_code,43,"FOOD (ICE) DISPENSING UTENSILS, WASH CLOTHS PROPERLY STORED",2
Bar / Tavern / Liquor,Risk 1 (High),2018_code,48,"WAREWASHING FACILITIES: INSTALLED, MAINTAINED & USED; TEST STRIPS",2
Social Service / Shelter,Risk 1 (High),pre_2018_code,29,PREVIOUS MINOR VIOLATION(S) CORRECTED 7-42-090,2
Mobile Food,Risk 2 (Medium),2018_code,64,MISCELLANEOUS / PUBLIC HEALTH ORDERS,2
Convenience / Gas Station,Risk 2 (Medium),2018_code,56,ADEQUATE VENTILATION & LIGHTING; DESIGNATED AREAS USED,2
Bar / Tavern / Liquor,Risk 1 (High),2018_code,10,ADEQUATE HANDWASHING SINKS PROPERLY SUPPLIED AND ACCESSIBLE,2
Wholesale / Warehouse / Commissary,Risk 1 (High),2018_code,61,SUMMARY REPORT DISPLAYED AND VISIBLE TO THE PUBLIC,2
Mobile Food,Risk 3 (Low),2018_code,47,"FOOD & NON-FOOD CONTACT SURFACES CLEANABLE, PROPERLY DESIGNED, CONSTRUCTED & USED",2
Social Service / Shelter,Risk 1 (High),pre_2018_code,24,"DISH WASHING FACILITIES: PROPERLY DESIGNED, CONSTRUCTED, MAINTAINED, INSTALLED, LOCATED AND OPERATED",2
Bakery,Risk 2 (Medium),2018_code,9,NO BARE HAND CONTACT WITH RTE FOOD OR A PRE-APPROVED ALTERNATIVE PROCEDURE PROPERLY ALLOWED,2
School,Risk 2 (Medium),pre_2018_code,30,"FOOD IN ORIGINAL CONTAINER, PROPERLY LABELED: CUSTOMER ADVISORY POSTED AS NEEDED",2
Long Term Care / Health,Risk 1 (High),pre_2018_code,7,WASH AND RINSE WATER: CLEAN AND PROPER TEMPERATURE,2
Institutional Dining,Risk 1 (High),pre_2018_code,3,"POTENTIALLY HAZARDOUS FOOD MEETS TEMPERATURE REQUIREMENT DURING STORAGE, PREPARATION DISPLAY AND SERVICE",2
Special Event / Venue,Risk 2 (Medium),2018_code,60,PREVIOUS CORE VIOLATION CORRECTED,2
Social Service / Shelter,Risk 2 (Medium),pre_2018_code,32,"FOOD AND NON-FOOD CONTACT SURFACES PROPERLY DESIGNED, CONSTRUCTED AND MAINTAINED",2
Other,Risk 3 (Low),pre_2018_code,32,"FOOD AND NON-FOOD CONTACT SURFACES PROPERLY DESIGNED, CONSTRUCTED AND MAINTAINED",2
Restaurant,Risk 3 (Low),2018_code,23,PROPER DATE MARKING AND DISPOSITION,2
Special Event / Venue,Risk 3 (Low),2018_code,36,THERMOMETERS PROVIDED & ACCURATE,2
Mobile Food,Risk 2 (Medium),2018_code,11,FOOD OBTAINED FROM APPROVED SOURCE,2
Special Event / Venue,Risk 1 (High),pre_2018_code,30,"FOOD IN ORIGINAL CONTAINER, PROPERLY LABELED: CUSTOMER ADVISORY POSTED AS NEEDED",2
Bakery,Risk 2 (Medium),2018_code,15,FOOD SEPARATED AND PROTECTED,2
Wholesale / Warehouse / Commissary,Risk 2 (Medium),2018_code,53,"TOILET FACILITIES: PROPERLY CONSTRUCTED, SUPPLIED, & CLEANED",2
Bakery,Risk 1 (High),pre_2018_code,9,"WATER SOURCE: SAFE, HOT & COLD UNDER CITY PRESSURE",2
Social Service / Shelter,Risk 2 (Medium),2018_code,2,CITY OF CHICAGO FOOD SERVICE SANITATION CERTIFICATE,2
Social Service / Shelter,Risk 3 (Low),2018_code,5,PROCEDURES FOR RESPONDING TO VOMITING AND DIARRHEAL EVENTS,2
Special Event / Venue,Risk 3 (Low),pre_2018_code,70,NO SMOKING REGULATIONS,2
Restaurant,Risk 3 (Low),2018_code,8,HANDS CLEAN & PROPERLY WASHED,2
Bar / Tavern / Liquor,Risk 2 (Medium),pre_2018_code,41,"PREMISES MAINTAINED FREE OF LITTER, UNNECESSARY ARTICLES, CLEANING EQUIPMENT PROPERLY STORED",2
School,Risk 1 (High),pre_2018_code,25,"TOXIC ITEMS PROPERLY STORED, LABELED AND USED",2
Mobile Food,Risk 1 (High),2018_code,5,PROCEDURES FOR RESPONDING TO VOMITING AND DIARRHEAL EVENTS,2
Mobile Food,Risk 3 (Low),2018_code,39,"CONTAMINATION PREVENTED DURING FOOD PREPARATION, STORAGE & DISPLAY",2
School,Risk 2 (Medium),pre_2018_code,42,APPROPRIATE METHOD OF HANDLING OF FOOD (ICE) HAIR RESTRAINTS AND CLEAN APPAREL WORN,2
Grocery Store,Risk 3 (Low),2018_code,21,PROPER HOT HOLDING TEMPERATURES,2
School,Risk 1 (High),2018_code,46,GLOVES USED PROPERLY,2
Convenience / Gas Station,Risk 3 (Low),pre_2018_code,40,REFRIGERATION AND METAL STEM THERMOMETERS PROVIDED AND CONSPICUOUS,2
Grocery Store,Risk 2 (Medium),2018_code,46,GLOVES USED PROPERLY,2
Unknown,Risk 1 (High),pre_2018_code,35,"WALLS, CEILINGS, ATTACHED EQUIPMENT CONSTRUCTED PER CODE: GOOD REPAIR, SURFACES CLEAN AND DUST-LESS CLEANING METHODS",2
Wholesale / Warehouse / Commissary,Risk 3 (Low),2018_code,53,"TOILET FACILITIES: PROPERLY CONSTRUCTED, SUPPLIED, & CLEANED",2
Special Event / Venue,Risk 2 (Medium),pre_2018_code,70,NO SMOKING REGULATIONS,2
Convenience / Gas Station,Risk 2 (Medium),pre_2018_code,21,* CERTIFIED FOOD MANAGER ON SITE WHEN POTENTIALLY HAZARDOUS FOODS ARE PREPARED AND SERVED,2
Convenience / Gas Station,Risk 2 (Medium),2018_code,22,PROPER COLD HOLDING TEMPERATURES,2
Childcare / Daycare,Risk 2 (Medium),pre_2018_code,34,"FLOORS: CONSTRUCTED PER CODE, CLEANED, GOOD REPAIR, COVING INSTALLED, DUST-LESS CLEANING METHODS USED",2
Mobile Food,Risk 1 (High),2018_code,57,ALL FOOD EMPLOYEES HAVE FOOD HANDLER TRAINING,2
Other,Risk 2 (Medium),2018_code,48,"WAREWASHING FACILITIES: INSTALLED, MAINTAINED & USED; TEST STRIPS",2
Other,Risk 2 (Medium),pre_2018_code,21,* CERTIFIED FOOD MANAGER ON SITE WHEN POTENTIALLY HAZARDOUS FOODS ARE PREPARED AND SERVED,2
Mobile Food,Risk 3 (Low),pre_2018_code,21,* CERTIFIED FOOD MANAGER ON SITE WHEN POTENTIALLY HAZARDOUS FOODS ARE PREPARED AND SERVED,2
Mobile Food,Risk 1 (High),pre_2018_code,21,* CERTIFIED FOOD MANAGER ON SITE WHEN POTENTIALLY HAZARDOUS FOODS ARE PREPARED AND SERVED,2
Wholesale / Warehouse / Commissary,Risk 1 (High),2018_code,41,WIPING CLOTHS: PROPERLY USED & STORED,2
Grocery Store,Risk 1 (High),2018_code,19,PROPER REHEATING PROCEDURES FOR HOT HOLDING,2
Mobile Food,Risk 3 (Low),2018_code,61,SUMMARY REPORT DISPLAYED AND VISIBLE TO THE PUBLIC,2
Bakery,Risk 1 (High),pre_2018_code,25,"TOXIC ITEMS PROPERLY STORED, LABELED AND USED",2
Special Event / Venue,Risk 1 (High),2018_code,53,"TOILET FACILITIES: PROPERLY CONSTRUCTED, SUPPLIED, & CLEANED",2
Other,Risk 3 (Low),pre_2018_code,24,"DISH WASHING FACILITIES: PROPERLY DESIGNED, CONSTRUCTED, MAINTAINED, INSTALLED, LOCATED AND OPERATED",2
Unknown,Risk 3 (Low),pre_2018_code,10,"SEWAGE AND WASTE WATER DISPOSAL, NO BACK SIPHONAGE, CROSS CONNECTION AND/OR BACK FLOW",2
Catering / Banquet,Risk 2 (Medium),pre_2018_code,38,VENTILATION: ROOMS AND EQUIPMENT VENTED AS REQUIRED: PLUMBING: INSTALLED AND MAINTAINED,2
Mobile Food,Risk 1 (High),2018_code,21,PROPER HOT HOLDING TEMPERATURES,2
School,Risk 2 (Medium),pre_2018_code,3,"POTENTIALLY HAZARDOUS FOOD MEETS TEMPERATURE REQUIREMENT DURING STORAGE, PREPARATION DISPLAY AND SERVICE",2
Catering / Banquet,Risk 1 (High),2018_code,21,PROPER HOT HOLDING TEMPERATURES,2
Other,Risk 2 (Medium),2018_code,61,SUMMARY REPORT DISPLAYED AND VISIBLE TO THE PUBLIC,2
Catering / Banquet,Risk 2 (Medium),2018_code,47,"FOOD & NON-FOOD CONTACT SURFACES CLEANABLE, PROPERLY DESIGNED, CONSTRUCTED & USED",2
Grocery Store,Risk 3 (Low),2018_code,19,PROPER REHEATING PROCEDURES FOR HOT HOLDING,2
Restaurant,Risk 2 (Medium),pre_2018_code,23,"DISHES AND UTENSILS FLUSHED, SCRAPED, SOAKED",2
Institutional Dining,Risk 1 (High),pre_2018_code,32,"FOOD AND NON-FOOD CONTACT SURFACES PROPERLY DESIGNED, CONSTRUCTED AND MAINTAINED",2
Childcare / Daycare,Risk 2 (Medium),pre_2018_code,33,"FOOD AND NON-FOOD CONTACT EQUIPMENT UTENSILS CLEAN, FREE OF ABRASIVE DETERGENTS",2
Catering / Banquet,Risk 1 (High),2018_code,61,SUMMARY REPORT DISPLAYED AND VISIBLE TO THE PUBLIC,2
Wholesale / Warehouse / Commissary,Risk 2 (Medium),pre_2018_code,3,"POTENTIALLY HAZARDOUS FOOD MEETS TEMPERATURE REQUIREMENT DURING STORAGE, PREPARATION DISPLAY AND SERVICE",2
Other,Risk 3 (Low),2018_code,39,"CONTAMINATION PREVENTED DURING FOOD PREPARATION, STORAGE & DISPLAY",2
Convenience / Gas Station,Risk 3 (Low),2018_code,57,ALL FOOD EMPLOYEES HAVE FOOD HANDLER TRAINING,2
Grocery Store,Risk 1 (High),2018_code,24,TIME AS A PUBLIC HEALTH CONTROL; PROCEDURES & RECORDS,2
Convenience / Gas Station,Risk 3 (Low),2018_code,44,"UTENSILS, EQUIPMENT & LINENS: PROPERLY STORED, DRIED, & HANDLED",2
Restaurant,Risk 2 (Medium),2018_code,63,REMOVAL OF SUSPENSION SIGN,2
Mobile Food,Risk 1 (High),2018_code,51,PLUMBING INSTALLED; PROPER BACKFLOW DEVICES,2
Bakery,Risk 1 (High),2018_code,6,"PROPER EATING, TASTING, DRINKING, OR TOBACCO USE",2
Wholesale / Warehouse / Commissary,Risk 2 (Medium),pre_2018_code,6,"HANDS WASHED AND CLEANED, GOOD HYGIENIC PRACTICES; NO BARE HAND CONTACT WITH READY-TO-EAT FOODS.",2
Mobile Food,Risk 1 (High),2018_code,52,SEWAGE & WASTE WATER PROPERLY DISPOSED,2
Social Service / Shelter,Risk 1 (High),2018_code,51,PLUMBING INSTALLED; PROPER BACKFLOW DEVICES,2
Wholesale / Warehouse / Commissary,Risk 2 (Medium),2018_code,54,GARBAGE & REFUSE PROPERLY DISPOSED; FACILITIES MAINTAINED,2
Wholesale / Warehouse / Commissary,Risk 3 (Low),2018_code,3,"MANAGEMENT, FOOD EMPLOYEE AND CONDITIONAL EMPLOYEE; KNOWLEDGE, RESPONSIBILITIES AND REPORTING",2
Special Event / Venue,Risk 2 (Medium),pre_2018_code,9,"WATER SOURCE: SAFE, HOT & COLD UNDER CITY PRESSURE",2
Grocery Store,Risk 1 (High),2018_code,18,PROPER COOKING TIME & TEMPERATURES,2
Wholesale / Warehouse / Commissary,Risk 3 (Low),pre_2018_code,12,"HAND WASHING FACILITIES: WITH SOAP AND SANITARY HAND DRYING DEVICES, CONVENIENT AND ACCESSIBLE TO FOOD PREP AREA",2
Convenience / Gas Station,Risk 2 (Medium),2018_code,23,PROPER DATE MARKING AND DISPOSITION,2
School,Risk 2 (Medium),2018_code,16,FOOD-CONTACT SURFACES: CLEANED & SANITIZED,2
Convenience / Gas Station,Risk 2 (Medium),2018_code,33,PROPER COOLING METHODS USED; ADEQUATE EQUIPMENT FOR TEMPERATURE CONTROL,2
Restaurant,Risk 2 (Medium),2018_code,18,PROPER COOKING TIME & TEMPERATURES,2
Other,Risk 1 (High),pre_2018_code,41,"PREMISES MAINTAINED FREE OF LITTER, UNNECESSARY ARTICLES, CLEANING EQUIPMENT PROPERLY STORED",2
Social Service / Shelter,Risk 1 (High),pre_2018_code,30,"FOOD IN ORIGINAL CONTAINER, PROPERLY LABELED: CUSTOMER ADVISORY POSTED AS NEEDED",2
Unknown,Risk 3 (Low),pre_2018_code,11,"ADEQUATE NUMBER, CONVENIENT, ACCESSIBLE, DESIGNED, AND MAINTAINED",2
Restaurant,Risk 1 (High),2018_code,7,"NO DISCHARGE FROM EYES, NOSE, AND MOUTH",2
Special Event / Venue,Risk 1 (High),2018_code,33,PROPER COOLING METHODS USED; ADEQUATE EQUIPMENT FOR TEMPERATURE CONTROL,2
Mobile Food,Risk 2 (Medium),2018_code,41,WIPING CLOTHS: PROPERLY USED & STORED,2
Other,Risk 1 (High),pre_2018_code,21,* CERTIFIED FOOD MANAGER ON SITE WHEN POTENTIALLY HAZARDOUS FOODS ARE PREPARED AND SERVED,2
Special Event / Venue,Risk 1 (High),pre_2018_code,29,PREVIOUS MINOR VIOLATION(S) CORRECTED 7-42-090,2
School,Risk 2 (Medium),2018_code,52,SEWAGE & WASTE WATER PROPERLY DISPOSED,2
Special Event / Venue,Risk 1 (High),2018_code,1,"PERSON IN CHARGE PRESENT, DEMONSTRATES KNOWLEDGE, AND PERFORMS DUTIES",2
School,Risk 2 (Medium),2018_code,57,ALL FOOD EMPLOYEES HAVE FOOD HANDLER TRAINING,2
Bakery,Risk 1 (High),2018_code,8,HANDS CLEAN & PROPERLY WASHED,2
Bakery,Risk 2 (Medium),2018_code,28,"TOXIC SUBSTANCES PROPERLY IDENTIFIED, STORED, & USED",2
Mobile Food,Risk 1 (High),pre_2018_code,24,"DISH WASHING FACILITIES: PROPERLY DESIGNED, CONSTRUCTED, MAINTAINED, INSTALLED, LOCATED AND OPERATED",2
Catering / Banquet,Risk 3 (Low),pre_2018_code,34,"FLOORS: CONSTRUCTED PER CODE, CLEANED, GOOD REPAIR, COVING INSTALLED, DUST-LESS CLEANING METHODS USED",2
Wholesale / Warehouse / Commissary,Risk 1 (High),pre_2018_code,31,CLEAN MULTI-USE UTENSILS AND SINGLE SERVICE ARTICLES PROPERLY STORED: NO REUSE OF SINGLE SERVICE ARTICLES,2
Social Service / Shelter,Risk 3 (Low),2018_code,55,"PHYSICAL FACILITIES INSTALLED, MAINTAINED & CLEAN",2
Social Service / Shelter,Risk 1 (High),2018_code,37,FOOD PROPERLY LABELED; ORIGINAL CONTAINER,1
School,Risk 2 (Medium),2018_code,44,"UTENSILS, EQUIPMENT & LINENS: PROPERLY STORED, DRIED, & HANDLED",1
School,Risk 1 (High),2018_code,25,CONSUMER ADVISORY PROVIDED FOR RAW/UNDERCOOKED FOOD,1
Bakery,Risk 2 (Medium),pre_2018_code,25,"TOXIC ITEMS PROPERLY STORED, LABELED AND USED",1
Wholesale / Warehouse / Commissary,Risk 1 (High),2018_code,40,PERSONAL CLEANLINESS,1
Social Service / Shelter,Risk 1 (High),2018_code,52,SEWAGE & WASTE WATER PROPERLY DISPOSED,1
Unknown,Risk 2 (Medium),2018_code,41,WIPING CLOTHS: PROPERLY USED & STORED,1
Unknown,Risk 2 (Medium),2018_code,54,GARBAGE & REFUSE PROPERLY DISPOSED; FACILITIES MAINTAINED,1
Mobile Food,Risk 3 (Low),pre_2018_code,6,"HANDS WASHED AND CLEANED, GOOD HYGIENIC PRACTICES; NO BARE HAND CONTACT WITH READY-TO-EAT FOODS.",1
Other,Risk 2 (Medium),2018_code,33,PROPER COOLING METHODS USED; ADEQUATE EQUIPMENT FOR TEMPERATURE CONTROL,1
Mobile Food,Risk 2 (Medium),2018_code,25,CONSUMER ADVISORY PROVIDED FOR RAW/UNDERCOOKED FOOD,1
Convenience / Gas Station,Risk 2 (Medium),2018_code,41,WIPING CLOTHS: PROPERLY USED & STORED,1
Other,Risk 1 (High),2018_code,48,"WAREWASHING FACILITIES: INSTALLED, MAINTAINED & USED; TEST STRIPS",1
Special Event / Venue,Risk 3 (Low),2018_code,60,PREVIOUS CORE VIOLATION CORRECTED,1
Other,Risk 3 (Low),2018_code,51,PLUMBING INSTALLED; PROPER BACKFLOW DEVICES,1
Catering / Banquet,Risk 1 (High),2018_code,62,COMPLIANCE WITH CLEAN INDOOR AIR ORDINANCE,1
Other,Risk 3 (Low),2018_code,48,"WAREWASHING FACILITIES: INSTALLED, MAINTAINED & USED; TEST STRIPS",1
Bakery,Risk 1 (High),pre_2018_code,20,"INSIDE CONTAINERS OR RECEPTACLES: ADEQUATE NUMBER, PROPERLY COVERED AND INSECT/RODENT PROOF",1
Unknown,Risk 1 (High),2018_code,44,"UTENSILS, EQUIPMENT & LINENS: PROPERLY STORED, DRIED, & HANDLED",1
Bar / Tavern / Liquor,Risk 2 (Medium),2018_code,52,SEWAGE & WASTE WATER PROPERLY DISPOSED,1
Grocery Store,Risk 3 (Low),2018_code,17,"PROPER DISPOSITION OF RETURNED, PREVIOUSLY SERVED, RECONDITIONED & UNSAFE FOOD",1
Bakery,Risk 2 (Medium),pre_2018_code,70,NO SMOKING REGULATIONS,1
School,Risk 3 (Low),pre_2018_code,16,"FOOD PROTECTED DURING STORAGE, PREPARATION, DISPLAY, SERVICE AND TRANSPORTATION",1
Mobile Food,Risk 1 (High),2018_code,10,ADEQUATE HANDWASHING SINKS PROPERLY SUPPLIED AND ACCESSIBLE,1
Social Service / Shelter,Risk 2 (Medium),2018_code,50,HOT & COLD WATER AVAILABLE; ADEQUATE PRESSURE,1
Special Event / Venue,Risk 3 (Low),2018_code,22,PROPER COLD HOLDING TEMPERATURES,1
Institutional Dining,Risk 1 (High),2018_code,39,"CONTAMINATION PREVENTED DURING FOOD PREPARATION, STORAGE & DISPLAY",1
Mobile Food,Risk 3 (Low),2018_code,31,WATER & ICE FROM APPROVED SOURCE,1
Long Term Care / Health,Risk 1 (High),2018_code,29,COMPLIANCE WITH VARIANCE/SPECIALIZED PROCESS/HACCP,1
Bar / Tavern / Liquor,Risk 2 (Medium),pre_2018_code,3,"POTENTIALLY HAZARDOUS FOOD MEETS TEMPERATURE REQUIREMENT DURING STORAGE, PREPARATION DISPLAY AND SERVICE",1
Convenience / Gas Station,Risk 2 (Medium),2018_code,60,PREVIOUS CORE VIOLATION CORRECTED,1
Unknown,Risk 2 (Medium),pre_2018_code,32,"FOOD AND NON-FOOD CONTACT SURFACES PROPERLY DESIGNED, CONSTRUCTED AND MAINTAINED",1
Bakery,Risk 3 (Low),2018_code,53,"TOILET FACILITIES: PROPERLY CONSTRUCTED, SUPPLIED, & CLEANED",1
Convenience / Gas Station,Risk 2 (Medium),2018_code,8,HANDS CLEAN & PROPERLY WASHED,1
Mobile Food,Risk 1 (High),pre_2018_code,40,REFRIGERATION AND METAL STEM THERMOMETERS PROVIDED AND CONSPICUOUS,1
Other,Risk 3 (Low),pre_2018_code,43,"FOOD (ICE) DISPENSING UTENSILS, WASH CLOTHS PROPERLY STORED",1
Bar / Tavern / Liquor,Risk 2 (Medium),2018_code,60,PREVIOUS CORE VIOLATION CORRECTED,1
Special Event / Venue,Risk 1 (High),pre_2018_code,19,"OUTSIDE GARBAGE WASTE GREASE AND STORAGE AREA; CLEAN, RODENT PROOF, ALL CONTAINERS COVERED",1
Other,Risk 3 (Low),pre_2018_code,37,TOILET ROOM DOORS SELF CLOSING: DRESSING ROOMS WITH LOCKERS PROVIDED: COMPLETE SEPARATION FROM LIVING/SLEEPING QUARTERS,1
Bar / Tavern / Liquor,Risk 3 (Low),2018_code,22,PROPER COLD HOLDING TEMPERATURES,1
Bar / Tavern / Liquor,Risk 1 (High),2018_code,56,ADEQUATE VENTILATION & LIGHTING; DESIGNATED AREAS USED,1
Long Term Care / Health,Risk 1 (High),2018_code,30,PASTEURIZED EGGS USED WHERE REQUIRED,1
Bar / Tavern / Liquor,Risk 1 (High),2018_code,57,ALL FOOD EMPLOYEES HAVE FOOD HANDLER TRAINING,1
Wholesale / Warehouse / Commissary,Risk 3 (Low),2018_code,47,"FOOD & NON-FOOD CONTACT SURFACES CLEANABLE, PROPERLY DESIGNED, CONSTRUCTED & USED",1
Convenience / Gas Station,Risk 3 (Low),2018_code,37,FOOD PROPERLY LABELED; ORIGINAL CONTAINER,1
Long Term Care / Health,Risk 1 (High),pre_2018_code,39,LINEN: CLEAN AND SOILED PROPERLY STORED,1
Catering / Banquet,Risk 3 (Low),2018_code,36,THERMOMETERS PROVIDED & ACCURATE,1
Catering / Banquet,Risk 3 (Low),2018_code,1,"PERSON IN CHARGE PRESENT, DEMONSTRATES KNOWLEDGE, AND PERFORMS DUTIES",1
Catering / Banquet,Risk 3 (Low),pre_2018_code,37,TOILET ROOM DOORS SELF CLOSING: DRESSING ROOMS WITH LOCKERS PROVIDED: COMPLETE SEPARATION FROM LIVING/SLEEPING QUARTERS,1
Mobile Food,Risk 3 (Low),pre_2018_code,7,WASH AND RINSE WATER: CLEAN AND PROPER TEMPERATURE,1
Mobile Food,Risk 2 (Medium),2018_code,40,PERSONAL CLEANLINESS,1
Wholesale / Warehouse / Commissary,Risk 3 (Low),2018_code,13,"FOOD IN GOOD CONDITION, SAFE, & UNADULTERATED",1
Convenience / Gas Station,Risk 2 (Medium),2018_code,59,PREVIOUS PRIORITY FOUNDATION VIOLATION CORRECTED,1
Wholesale / Warehouse / Commissary,Risk 2 (Medium),pre_2018_code,29,PREVIOUS MINOR VIOLATION(S) CORRECTED 7-42-090,1
Social Service / Shelter,Risk 1 (High),2018_code,44,"UTENSILS, EQUIPMENT & LINENS: PROPERLY STORED, DRIED, & HANDLED",1
Convenience / Gas Station,Risk 2 (Medium),2018_code,32,VARIANCE OBTAINED FOR SPECIALIZED PROCESSING METHODS,1
Wholesale / Warehouse / Commissary,Risk 3 (Low),pre_2018_code,31,CLEAN MULTI-USE UTENSILS AND SINGLE SERVICE ARTICLES PROPERLY STORED: NO REUSE OF SINGLE SERVICE ARTICLES,1
Social Service / Shelter,Risk 2 (Medium),pre_2018_code,11,"ADEQUATE NUMBER, CONVENIENT, ACCESSIBLE, DESIGNED, AND MAINTAINED",1
Wholesale / Warehouse / Commissary,Risk 3 (Low),2018_code,49,NON-FOOD/FOOD CONTACT SURFACES CLEAN,1
Special Event / Venue,Risk 2 (Medium),pre_2018_code,31,CLEAN MULTI-USE UTENSILS AND SINGLE SERVICE ARTICLES PROPERLY STORED: NO REUSE OF SINGLE SERVICE ARTICLES,1
Bakery,Risk 1 (High),pre_2018_code,44,ONLY AUTHORIZED PERSONNEL IN THE FOOD-PREP AREA,1
Institutional Dining,Risk 1 (High),pre_2018_code,4,"SOURCE OF CROSS CONTAMINATION CONTROLLED I.E. CUTTING BOARDS, FOOD HANDLERS, UTENSILS, ETC",1
Other,Risk 2 (Medium),2018_code,37,FOOD PROPERLY LABELED; ORIGINAL CONTAINER,1
Social Service / Shelter,Risk 3 (Low),2018_code,50,HOT & COLD WATER AVAILABLE; ADEQUATE PRESSURE,1
Special Event / Venue,Risk 3 (Low),2018_code,39,"CONTAMINATION PREVENTED DURING FOOD PREPARATION, STORAGE & DISPLAY",1
Special Event / Venue,Risk 2 (Medium),pre_2018_code,3,"POTENTIALLY HAZARDOUS FOOD MEETS TEMPERATURE REQUIREMENT DURING STORAGE, PREPARATION DISPLAY AND SERVICE",1
Catering / Banquet,Risk 1 (High),pre_2018_code,27,"TOILET ROOMS ENCLOSED CLEAN, PROVIDED WITH HAND CLEANSER, SANITARY HAND DRYING DEVICES AND PROPER WASTE RECEPTACLES",1
Other,Risk 1 (High),pre_2018_code,2,FACILITIES TO MAINTAIN PROPER TEMPERATURE,1
Catering / Banquet,Risk 1 (High),pre_2018_code,4,"SOURCE OF CROSS CONTAMINATION CONTROLLED I.E. CUTTING BOARDS, FOOD HANDLERS, UTENSILS, ETC",1
Childcare / Daycare,Risk 3 (Low),2018_code,51,PLUMBING INSTALLED; PROPER BACKFLOW DEVICES,1
Bar / Tavern / Liquor,Risk 1 (High),2018_code,37,FOOD PROPERLY LABELED; ORIGINAL CONTAINER,1
School,Risk 3 (Low),2018_code,61,SUMMARY REPORT DISPLAYED AND VISIBLE TO THE PUBLIC,1
Special Event / Venue,Risk 2 (Medium),pre_2018_code,10,"SEWAGE AND WASTE WATER DISPOSAL, NO BACK SIPHONAGE, CROSS CONNECTION AND/OR BACK FLOW",1
Social Service / Shelter,Risk 1 (High),2018_code,1,"PERSON IN CHARGE PRESENT, DEMONSTRATES KNOWLEDGE, AND PERFORMS DUTIES",1
Catering / Banquet,Risk 1 (High),2018_code,20,PROPER COOLING TIME AND TEMPERATURE,1
Social Service / Shelter,Risk 3 (Low),2018_code,49,NON-FOOD/FOOD CONTACT SURFACES CLEAN,1
Mobile Food,Risk 3 (Low),pre_2018_code,26,"ADEQUATE NUMBER, CONVENIENT, ACCESSIBLE, PROPERLY DESIGNED AND INSTALLED",1
Institutional Dining,Risk 1 (High),pre_2018_code,30,"FOOD IN ORIGINAL CONTAINER, PROPERLY LABELED: CUSTOMER ADVISORY POSTED AS NEEDED",1
School,Risk 3 (Low),2018_code,57,ALL FOOD EMPLOYEES HAVE FOOD HANDLER TRAINING,1
Unknown,Risk 3 (Low),pre_2018_code,9,"WATER SOURCE: SAFE, HOT & COLD UNDER CITY PRESSURE",1
Other,Risk 2 (Medium),pre_2018_code,45,FOOD HANDLER REQUIREMENTS MET,1
Restaurant,Risk 3 (Low),2018_code,17,"PROPER DISPOSITION OF RETURNED, PREVIOUSLY SERVED, RECONDITIONED & UNSAFE FOOD",1
Wholesale / Warehouse / Commissary,Risk 1 (High),pre_2018_code,14,"PREVIOUS SERIOUS VIOLATION CORRECTED, 7-42-090",1
Catering / Banquet,Risk 3 (Low),pre_2018_code,41,"PREMISES MAINTAINED FREE OF LITTER, UNNECESSARY ARTICLES, CLEANING EQUIPMENT PROPERLY STORED",1
Other,Risk 2 (Medium),2018_code,39,"CONTAMINATION PREVENTED DURING FOOD PREPARATION, STORAGE & DISPLAY",1
Bar / Tavern / Liquor,Risk 1 (High),pre_2018_code,3,"POTENTIALLY HAZARDOUS FOOD MEETS TEMPERATURE REQUIREMENT DURING STORAGE, PREPARATION DISPLAY AND SERVICE",1
Catering / Banquet,Risk 3 (Low),pre_2018_code,12,"HAND WASHING FACILITIES: WITH SOAP AND SANITARY HAND DRYING DEVICES, CONVENIENT AND ACCESSIBLE TO FOOD PREP AREA",1
Restaurant,Risk 2 (Medium),2018_code,29,COMPLIANCE WITH VARIANCE/SPECIALIZED PROCESS/HACCP,1
Unknown,Risk 1 (High),pre_2018_code,16,"FOOD PROTECTED DURING STORAGE, PREPARATION, DISPLAY, SERVICE AND TRANSPORTATION",1
Bar / Tavern / Liquor,Risk 2 (Medium),pre_2018_code,37,TOILET ROOM DOORS SELF CLOSING: DRESSING ROOMS WITH LOCKERS PROVIDED: COMPLETE SEPARATION FROM LIVING/SLEEPING QUARTERS,1
Special Event / Venue,Risk 2 (Medium),2018_code,54,GARBAGE & REFUSE PROPERLY DISPOSED; FACILITIES MAINTAINED,1
Catering / Banquet,Risk 1 (High),2018_code,45,SINGLE-USE/SINGLE-SERVICE ARTICLES: PROPERLY STORED & USED,1
Mobile Food,Risk 1 (High),2018_code,55,"PHYSICAL FACILITIES INSTALLED, MAINTAINED & CLEAN",1
Social Service / Shelter,Risk 2 (Medium),pre_2018_code,1,"SOURCE SOUND CONDITION, NO SPOILAGE, FOODS PROPERLY LABELED, SHELLFISH TAGS IN PLACE",1
Other,Risk 2 (Medium),pre_2018_code,34,"FLOORS: CONSTRUCTED PER CODE, CLEANED, GOOD REPAIR, COVING INSTALLED, DUST-LESS CLEANING METHODS USED",1
School,Risk 3 (Low),pre_2018_code,45,FOOD HANDLER REQUIREMENTS MET,1
Other,Risk 2 (Medium),2018_code,49,NON-FOOD/FOOD CONTACT SURFACES CLEAN,1
Catering / Banquet,Risk 3 (Low),pre_2018_code,21,* CERTIFIED FOOD MANAGER ON SITE WHEN POTENTIALLY HAZARDOUS FOODS ARE PREPARED AND SERVED,1
Wholesale / Warehouse / Commissary,Risk 1 (High),pre_2018_code,2,FACILITIES TO MAINTAIN PROPER TEMPERATURE,1
Other,Risk 2 (Medium),pre_2018_code,37,TOILET ROOM DOORS SELF CLOSING: DRESSING ROOMS WITH LOCKERS PROVIDED: COMPLETE SEPARATION FROM LIVING/SLEEPING QUARTERS,1
Childcare / Daycare,Risk 1 (High),pre_2018_code,44,ONLY AUTHORIZED PERSONNEL IN THE FOOD-PREP AREA,1
Social Service / Shelter,Risk 1 (High),2018_code,22,PROPER COLD HOLDING TEMPERATURES,1
Other,Risk 1 (High),pre_2018_code,8,"SANITIZING RINSE FOR EQUIPMENT AND UTENSILS: CLEAN, PROPER TEMPERATURE, CONCENTRATION, EXPOSURE TIME",1
Other,Risk 3 (Low),2018_code,56,ADEQUATE VENTILATION & LIGHTING; DESIGNATED AREAS USED,1
Special Event / Venue,Risk 2 (Medium),pre_2018_code,14,"PREVIOUS SERIOUS VIOLATION CORRECTED, 7-42-090",1
Wholesale / Warehouse / Commissary,Risk 3 (Low),2018_code,51,PLUMBING INSTALLED; PROPER BACKFLOW DEVICES,1
Wholesale / Warehouse / Commissary,Risk 3 (Low),pre_2018_code,27,"TOILET ROOMS ENCLOSED CLEAN, PROVIDED WITH HAND CLEANSER, SANITARY HAND DRYING DEVICES AND PROPER WASTE RECEPTACLES",1
Convenience / Gas Station,Risk 3 (Low),pre_2018_code,27,"TOILET ROOMS ENCLOSED CLEAN, PROVIDED WITH HAND CLEANSER, SANITARY HAND DRYING DEVICES AND PROPER WASTE RECEPTACLES",1
Catering / Banquet,Risk 2 (Medium),2018_code,49,NON-FOOD/FOOD CONTACT SURFACES CLEAN,1
Wholesale / Warehouse / Commissary,Risk 3 (Low),pre_2018_code,20,"INSIDE CONTAINERS OR RECEPTACLES: ADEQUATE NUMBER, PROPERLY COVERED AND INSECT/RODENT PROOF",1
Other,Risk 1 (High),pre_2018_code,36,"LIGHTING: REQUIRED MINIMUM FOOT-CANDLES OF LIGHT PROVIDED, FIXTURES SHIELDED",1
Catering / Banquet,Risk 3 (Low),pre_2018_code,2,FACILITIES TO MAINTAIN PROPER TEMPERATURE,1
Bakery,Risk 2 (Medium),2018_code,62,COMPLIANCE WITH CLEAN INDOOR AIR ORDINANCE,1
Wholesale / Warehouse / Commissary,Risk 1 (High),pre_2018_code,44,ONLY AUTHORIZED PERSONNEL IN THE FOOD-PREP AREA,1
Childcare / Daycare,Risk 2 (Medium),pre_2018_code,8,"SANITIZING RINSE FOR EQUIPMENT AND UTENSILS: CLEAN, PROPER TEMPERATURE, CONCENTRATION, EXPOSURE TIME",1
Grocery Store,Risk 2 (Medium),2018_code,9,NO BARE HAND CONTACT WITH RTE FOOD OR A PRE-APPROVED ALTERNATIVE PROCEDURE PROPERLY ALLOWED,1
Social Service / Shelter,Risk 1 (High),pre_2018_code,45,FOOD HANDLER REQUIREMENTS MET,1
Social Service / Shelter,Risk 2 (Medium),pre_2018_code,31,CLEAN MULTI-USE UTENSILS AND SINGLE SERVICE ARTICLES PROPERLY STORED: NO REUSE OF SINGLE SERVICE ARTICLES,1
Convenience / Gas Station,Risk 2 (Medium),2018_code,53,"TOILET FACILITIES: PROPERLY CONSTRUCTED, SUPPLIED, & CLEANED",1
Special Event / Venue,Risk 3 (Low),2018_code,33,PROPER COOLING METHODS USED; ADEQUATE EQUIPMENT FOR TEMPERATURE CONTROL,1
Long Term Care / Health,Risk 2 (Medium),pre_2018_code,37,TOILET ROOM DOORS SELF CLOSING: DRESSING ROOMS WITH LOCKERS PROVIDED: COMPLETE SEPARATION FROM LIVING/SLEEPING QUARTERS,1
Bar / Tavern / Liquor,Risk 1 (High),pre_2018_code,10,"SEWAGE AND WASTE WATER DISPOSAL, NO BACK SIPHONAGE, CROSS CONNECTION AND/OR BACK FLOW",1
Bakery,Risk 2 (Medium),2018_code,24,TIME AS A PUBLIC HEALTH CONTROL; PROCEDURES & RECORDS,1
Childcare / Daycare,Risk 2 (Medium),pre_2018_code,41,"PREMISES MAINTAINED FREE OF LITTER, UNNECESSARY ARTICLES, CLEANING EQUIPMENT PROPERLY STORED",1
Other,Risk 2 (Medium),pre_2018_code,24,"DISH WASHING FACILITIES: PROPERLY DESIGNED, CONSTRUCTED, MAINTAINED, INSTALLED, LOCATED AND OPERATED",1
Bar / Tavern / Liquor,Risk 1 (High),2018_code,49,NON-FOOD/FOOD CONTACT SURFACES CLEAN,1
Grocery Store,Risk 1 (High),2018_code,63,REMOVAL OF SUSPENSION SIGN,1
Unknown,Risk 3 (Low),2018_code,45,SINGLE-USE/SINGLE-SERVICE ARTICLES: PROPERLY STORED & USED,1
Mobile Food,Risk 2 (Medium),2018_code,35,APPROVED THAWING METHODS USED,1
Bakery,Risk 3 (Low),2018_code,3,"MANAGEMENT, FOOD EMPLOYEE AND CONDITIONAL EMPLOYEE; KNOWLEDGE, RESPONSIBILITIES AND REPORTING",1
Other,Risk 2 (Medium),2018_code,60,PREVIOUS CORE VIOLATION CORRECTED,1
Bar / Tavern / Liquor,Risk 2 (Medium),pre_2018_code,13,"NO EVIDENCE OF RODENT OR INSECT INFESTATION, NO BIRDS, TURTLES OR OTHER ANIMALS",1
Mobile Food,Risk 3 (Low),2018_code,2,CITY OF CHICAGO FOOD SERVICE SANITATION CERTIFICATE,1
Catering / Banquet,Risk 2 (Medium),2018_code,51,PLUMBING INSTALLED; PROPER BACKFLOW DEVICES,1
Grocery Store,Risk 3 (Low),2018_code,15,FOOD SEPARATED AND PROTECTED,1
Unknown,Risk 2 (Medium),2018_code,57,ALL FOOD EMPLOYEES HAVE FOOD HANDLER TRAINING,1
Unknown,Risk 1 (High),2018_code,15,FOOD SEPARATED AND PROTECTED,1
Bar / Tavern / Liquor,Risk 2 (Medium),pre_2018_code,29,PREVIOUS MINOR VIOLATION(S) CORRECTED 7-42-090,1
Unknown,Risk 2 (Medium),2018_code,58,ALLERGEN TRAINING AS REQUIRED,1
Unknown,Risk 2 (Medium),pre_2018_code,41,"PREMISES MAINTAINED FREE OF LITTER, UNNECESSARY ARTICLES, CLEANING EQUIPMENT PROPERLY STORED",1
Mobile Food,Risk 2 (Medium),pre_2018_code,19,"OUTSIDE GARBAGE WASTE GREASE AND STORAGE AREA; CLEAN, RODENT PROOF, ALL CONTAINERS COVERED",1
Catering / Banquet,Risk 3 (Low),2018_code,41,WIPING CLOTHS: PROPERLY USED & STORED,1
Bar / Tavern / Liquor,Risk 3 (Low),2018_code,11,FOOD OBTAINED FROM APPROVED SOURCE,1
Mobile Food,Risk 2 (Medium),2018_code,7,"NO DISCHARGE FROM EYES, NOSE, AND MOUTH",1
Childcare / Daycare,Risk 1 (High),2018_code,46,GLOVES USED PROPERLY,1
Social Service / Shelter,Risk 2 (Medium),pre_2018_code,21,* CERTIFIED FOOD MANAGER ON SITE WHEN POTENTIALLY HAZARDOUS FOODS ARE PREPARED AND SERVED,1
Social Service / Shelter,Risk 1 (High),pre_2018_code,37,TOILET ROOM DOORS SELF CLOSING: DRESSING ROOMS WITH LOCKERS PROVIDED: COMPLETE SEPARATION FROM LIVING/SLEEPING QUARTERS,1
Long Term Care / Health,Risk 2 (Medium),pre_2018_code,18,"NO EVIDENCE OF RODENT OR INSECT OUTER OPENINGS PROTECTED/RODENT PROOFED, A WRITTEN LOG SHALL BE MAINTAINED AVAILABLE TO THE INSPECTORS",1
Long Term Care / Health,Risk 1 (High),2018_code,46,GLOVES USED PROPERLY,1
School,Risk 2 (Medium),pre_2018_code,12,"HAND WASHING FACILITIES: WITH SOAP AND SANITARY HAND DRYING DEVICES, CONVENIENT AND ACCESSIBLE TO FOOD PREP AREA",1
Bakery,Risk 3 (Low),pre_2018_code,2,FACILITIES TO MAINTAIN PROPER TEMPERATURE,1
Special Event / Venue,Risk 2 (Medium),pre_2018_code,4,"SOURCE OF CROSS CONTAMINATION CONTROLLED I.E. CUTTING BOARDS, FOOD HANDLERS, UTENSILS, ETC",1
School,Risk 2 (Medium),pre_2018_code,10,"SEWAGE AND WASTE WATER DISPOSAL, NO BACK SIPHONAGE, CROSS CONNECTION AND/OR BACK FLOW",1
Restaurant,Risk 3 (Low),2018_code,44,"UTENSILS, EQUIPMENT & LINENS: PROPERLY STORED, DRIED, & HANDLED",1
Special Event / Venue,Risk 1 (High),pre_2018_code,10,"SEWAGE AND WASTE WATER DISPOSAL, NO BACK SIPHONAGE, CROSS CONNECTION AND/OR BACK FLOW",1
Bakery,Risk 3 (Low),2018_code,47,"FOOD & NON-FOOD CONTACT SURFACES CLEANABLE, PROPERLY DESIGNED, CONSTRUCTED & USED",1
Catering / Banquet,Risk 3 (Low),2018_code,33,PROPER COOLING METHODS USED; ADEQUATE EQUIPMENT FOR TEMPERATURE CONTROL,1
Unknown,Risk 2 (Medium),2018_code,47,"FOOD & NON-FOOD CONTACT SURFACES CLEANABLE, PROPERLY DESIGNED, CONSTRUCTED & USED",1
School,Risk 1 (High),pre_2018_code,20,"INSIDE CONTAINERS OR RECEPTACLES: ADEQUATE NUMBER, PROPERLY COVERED AND INSECT/RODENT PROOF",1
Wholesale / Warehouse / Commissary,Risk 1 (High),2018_code,22,PROPER COLD HOLDING TEMPERATURES,1
Convenience / Gas Station,Risk 2 (Medium),pre_2018_code,29,PREVIOUS MINOR VIOLATION(S) CORRECTED 7-42-090,1
School,Risk 3 (Low),2018_code,39,"CONTAMINATION PREVENTED DURING FOOD PREPARATION, STORAGE & DISPLAY",1
Convenience / Gas Station,Risk 2 (Medium),2018_code,45,SINGLE-USE/SINGLE-SERVICE ARTICLES: PROPERLY STORED & USED,1
Catering / Banquet,Risk 2 (Medium),2018_code,56,ADEQUATE VENTILATION & LIGHTING; DESIGNATED AREAS USED,1
Unknown,Risk 2 (Medium),2018_code,1,"PERSON IN CHARGE PRESENT, DEMONSTRATES KNOWLEDGE, AND PERFORMS DUTIES",1
Social Service / Shelter,Risk 1 (High),2018_code,36,THERMOMETERS PROVIDED & ACCURATE,1
School,Risk 2 (Medium),pre_2018_code,44,ONLY AUTHORIZED PERSONNEL IN THE FOOD-PREP AREA,1
Wholesale / Warehouse / Commissary,Risk 2 (Medium),2018_code,8,HANDS CLEAN & PROPERLY WASHED,1
Mobile Food,Risk 1 (High),2018_code,45,SINGLE-USE/SINGLE-SERVICE ARTICLES: PROPERLY STORED & USED,1
Other,Risk 3 (Low),2018_code,3,"MANAGEMENT, FOOD EMPLOYEE AND CONDITIONAL EMPLOYEE; KNOWLEDGE, RESPONSIBILITIES AND REPORTING",1
Restaurant,Risk 2 (Medium),2018_code,42,WASHING FRUITS & VEGETABLES,1
Bar / Tavern / Liquor,Risk 2 (Medium),2018_code,62,COMPLIANCE WITH CLEAN INDOOR AIR ORDINANCE,1
Wholesale / Warehouse / Commissary,Risk 1 (High),2018_code,43,IN-USE UTENSILS: PROPERLY STORED,1
Institutional Dining,Risk 1 (High),2018_code,51,PLUMBING INSTALLED; PROPER BACKFLOW DEVICES,1
Bar / Tavern / Liquor,Risk 1 (High),2018_code,3,"MANAGEMENT, FOOD EMPLOYEE AND CONDITIONAL EMPLOYEE; KNOWLEDGE, RESPONSIBILITIES AND REPORTING",1
Unknown,Risk 3 (Low),2018_code,13,"FOOD IN GOOD CONDITION, SAFE, & UNADULTERATED",1
Wholesale / Warehouse / Commissary,Risk 2 (Medium),pre_2018_code,70,NO SMOKING REGULATIONS,1
Mobile Food,Risk 2 (Medium),2018_code,44,"UTENSILS, EQUIPMENT & LINENS: PROPERLY STORED, DRIED, & HANDLED",1
Social Service / Shelter,Risk 2 (Medium),2018_code,56,ADEQUATE VENTILATION & LIGHTING; DESIGNATED AREAS USED,1
Special Event / Venue,Risk 1 (High),pre_2018_code,22,"DISH MACHINES: PROVIDED WITH ACCURATE THERMOMETERS, CHEMICAL TEST KITS AND SUITABLE GAUGE COCK",1
Special Event / Venue,Risk 2 (Medium),2018_code,37,FOOD PROPERLY LABELED; ORIGINAL CONTAINER,1
Social Service / Shelter,Risk 1 (High),pre_2018_code,11,"ADEQUATE NUMBER, CONVENIENT, ACCESSIBLE, DESIGNED, AND MAINTAINED",1
Unknown,Risk 3 (Low),pre_2018_code,27,"TOILET ROOMS ENCLOSED CLEAN, PROVIDED WITH HAND CLEANSER, SANITARY HAND DRYING DEVICES AND PROPER WASTE RECEPTACLES",1
Unknown,Risk 1 (High),pre_2018_code,41,"PREMISES MAINTAINED FREE OF LITTER, UNNECESSARY ARTICLES, CLEANING EQUIPMENT PROPERLY STORED",1
Catering / Banquet,Risk 2 (Medium),pre_2018_code,40,REFRIGERATION AND METAL STEM THERMOMETERS PROVIDED AND CONSPICUOUS,1
Special Event / Venue,Risk 1 (High),2018_code,49,NON-FOOD/FOOD CONTACT SURFACES CLEAN,1
Other,Risk 3 (Low),pre_2018_code,40,REFRIGERATION AND METAL STEM THERMOMETERS PROVIDED AND CONSPICUOUS,1
Grocery Store,Risk 2 (Medium),2018_code,63,REMOVAL OF SUSPENSION SIGN,1
Unknown,Risk 2 (Medium),pre_2018_code,38,VENTILATION: ROOMS AND EQUIPMENT VENTED AS REQUIRED: PLUMBING: INSTALLED AND MAINTAINED,1
Unknown,Risk 3 (Low),2018_code,50,HOT & COLD WATER AVAILABLE; ADEQUATE PRESSURE,1
Social Service / Shelter,Risk 2 (Medium),pre_2018_code,41,"PREMISES MAINTAINED FREE OF LITTER, UNNECESSARY ARTICLES, CLEANING EQUIPMENT PROPERLY STORED",1
Childcare / Daycare,Risk 3 (Low),2018_code,5,PROCEDURES FOR RESPONDING TO VOMITING AND DIARRHEAL EVENTS,1
Wholesale / Warehouse / Commissary,Risk 2 (Medium),2018_code,56,ADEQUATE VENTILATION & LIGHTING; DESIGNATED AREAS USED,1
Other,Unknown,pre_2018_code,12,"HAND WASHING FACILITIES: WITH SOAP AND SANITARY HAND DRYING DEVICES, CONVENIENT AND ACCESSIBLE TO FOOD PREP AREA",1
Unknown,Risk 1 (High),pre_2018_code,2,FACILITIES TO MAINTAIN PROPER TEMPERATURE,1
Wholesale / Warehouse / Commissary,Risk 3 (Low),2018_code,16,FOOD-CONTACT SURFACES: CLEANED & SANITIZED,1
Special Event / Venue,Risk 3 (Low),pre_2018_code,29,PREVIOUS MINOR VIOLATION(S) CORRECTED 7-42-090,1
School,Risk 3 (Low),2018_code,33,PROPER COOLING METHODS USED; ADEQUATE EQUIPMENT FOR TEMPERATURE CONTROL,1
Bar / Tavern / Liquor,Risk 3 (Low),pre_2018_code,28,* INSPECTION REPORT SUMMARY DISPLAYED AND VISIBLE TO ALL CUSTOMERS,1
School,Risk 3 (Low),2018_code,16,FOOD-CONTACT SURFACES: CLEANED & SANITIZED,1
Convenience / Gas Station,Risk 3 (Low),2018_code,64,MISCELLANEOUS / PUBLIC HEALTH ORDERS,1
Unknown,Risk 2 (Medium),2018_code,5,PROCEDURES FOR RESPONDING TO VOMITING AND DIARRHEAL EVENTS,1
Catering / Banquet,Risk 2 (Medium),pre_2018_code,34,"FLOORS: CONSTRUCTED PER CODE, CLEANED, GOOD REPAIR, COVING INSTALLED, DUST-LESS CLEANING METHODS USED",1
Social Service / Shelter,Risk 2 (Medium),2018_code,5,PROCEDURES FOR RESPONDING TO VOMITING AND DIARRHEAL EVENTS,1
Wholesale / Warehouse / Commissary,Risk 1 (High),pre_2018_code,6,"HANDS WASHED AND CLEANED, GOOD HYGIENIC PRACTICES; NO BARE HAND CONTACT WITH READY-TO-EAT FOODS.",1
Wholesale / Warehouse / Commissary,Risk 1 (High),2018_code,32,VARIANCE OBTAINED FOR SPECIALIZED PROCESSING METHODS,1
Bar / Tavern / Liquor,Risk 3 (Low),2018_code,23,PROPER DATE MARKING AND DISPOSITION,1
Other,Risk 2 (Medium),pre_2018_code,40,REFRIGERATION AND METAL STEM THERMOMETERS PROVIDED AND CONSPICUOUS,1
School,Risk 3 (Low),pre_2018_code,11,"ADEQUATE NUMBER, CONVENIENT, ACCESSIBLE, DESIGNED, AND MAINTAINED",1
School,Risk 2 (Medium),pre_2018_code,2,FACILITIES TO MAINTAIN PROPER TEMPERATURE,1
School,Risk 3 (Low),pre_2018_code,42,APPROPRIATE METHOD OF HANDLING OF FOOD (ICE) HAIR RESTRAINTS AND CLEAN APPAREL WORN,1
Grocery Store,Risk 3 (Low),2018_code,11,FOOD OBTAINED FROM APPROVED SOURCE,1
Wholesale / Warehouse / Commissary,Risk 2 (Medium),2018_code,59,PREVIOUS PRIORITY FOUNDATION VIOLATION CORRECTED,1
Bar / Tavern / Liquor,Risk 3 (Low),pre_2018_code,3,"POTENTIALLY HAZARDOUS FOOD MEETS TEMPERATURE REQUIREMENT DURING STORAGE, PREPARATION DISPLAY AND SERVICE",1
Wholesale / Warehouse / Commissary,Risk 3 (Low),2018_code,54,GARBAGE & REFUSE PROPERLY DISPOSED; FACILITIES MAINTAINED,1
Convenience / Gas Station,Risk 2 (Medium),2018_code,16,FOOD-CONTACT SURFACES: CLEANED & SANITIZED,1
Bakery,Risk 3 (Low),2018_code,39,"CONTAMINATION PREVENTED DURING FOOD PREPARATION, STORAGE & DISPLAY",1
Social Service / Shelter,Risk 1 (High),2018_code,10,ADEQUATE HANDWASHING SINKS PROPERLY SUPPLIED AND ACCESSIBLE,1
Bakery,Risk 3 (Low),2018_code,10,ADEQUATE HANDWASHING SINKS PROPERLY SUPPLIED AND ACCESSIBLE,1
Mobile Food,Risk 3 (Low),pre_2018_code,8,"SANITIZING RINSE FOR EQUIPMENT AND UTENSILS: CLEAN, PROPER TEMPERATURE, CONCENTRATION, EXPOSURE TIME",1
Wholesale / Warehouse / Commissary,Risk 1 (High),2018_code,20,PROPER COOLING TIME AND TEMPERATURE,1
Social Service / Shelter,Risk 1 (High),2018_code,53,"TOILET FACILITIES: PROPERLY CONSTRUCTED, SUPPLIED, & CLEANED",1
School,Risk 2 (Medium),pre_2018_code,25,"TOXIC ITEMS PROPERLY STORED, LABELED AND USED",1
Bar / Tavern / Liquor,Risk 3 (Low),2018_code,2,CITY OF CHICAGO FOOD SERVICE SANITATION CERTIFICATE,1
Other,Risk 2 (Medium),pre_2018_code,36,"LIGHTING: REQUIRED MINIMUM FOOT-CANDLES OF LIGHT PROVIDED, FIXTURES SHIELDED",1
Special Event / Venue,Risk 3 (Low),2018_code,59,PREVIOUS PRIORITY FOUNDATION VIOLATION CORRECTED,1
Bar / Tavern / Liquor,Risk 1 (High),2018_code,58,ALLERGEN TRAINING AS REQUIRED,1
School,Risk 1 (High),2018_code,64,MISCELLANEOUS / PUBLIC HEALTH ORDERS,1
School,Risk 2 (Medium),pre_2018_code,8,"SANITIZING RINSE FOR EQUIPMENT AND UTENSILS: CLEAN, PROPER TEMPERATURE, CONCENTRATION, EXPOSURE TIME",1
Grocery Store,Risk 3 (Low),pre_2018_code,17,POTENTIALLY HAZARDOUS FOOD PROPERLY THAWED,1
Special Event / Venue,Risk 3 (Low),2018_code,37,FOOD PROPERLY LABELED; ORIGINAL CONTAINER,1
Childcare / Daycare,Risk 2 (Medium),2018_code,10,ADEQUATE HANDWASHING SINKS PROPERLY SUPPLIED AND ACCESSIBLE,1
Catering / Banquet,Risk 2 (Medium),2018_code,1,"PERSON IN CHARGE PRESENT, DEMONSTRATES KNOWLEDGE, AND PERFORMS DUTIES",1
Bakery,Risk 3 (Low),2018_code,51,PLUMBING INSTALLED; PROPER BACKFLOW DEVICES,1
Childcare / Daycare,Risk 3 (Low),2018_code,55,"PHYSICAL FACILITIES INSTALLED, MAINTAINED & CLEAN",1
Bar / Tavern / Liquor,Risk 2 (Medium),2018_code,15,FOOD SEPARATED AND PROTECTED,1
Bar / Tavern / Liquor,Risk 3 (Low),pre_2018_code,1,"SOURCE SOUND CONDITION, NO SPOILAGE, FOODS PROPERLY LABELED, SHELLFISH TAGS IN PLACE",1
Restaurant,Risk 3 (Low),2018_code,41,WIPING CLOTHS: PROPERLY USED & STORED,1
Unknown,Risk 1 (High),2018_code,61,SUMMARY REPORT DISPLAYED AND VISIBLE TO THE PUBLIC,1
Long Term Care / Health,Risk 1 (High),2018_code,13,"FOOD IN GOOD CONDITION, SAFE, & UNADULTERATED",1
School,Risk 2 (Medium),pre_2018_code,45,FOOD HANDLER REQUIREMENTS MET,1
Childcare / Daycare,Risk 2 (Medium),2018_code,48,"WAREWASHING FACILITIES: INSTALLED, MAINTAINED & USED; TEST STRIPS",1
Catering / Banquet,Risk 2 (Medium),pre_2018_code,3,"POTENTIALLY HAZARDOUS FOOD MEETS TEMPERATURE REQUIREMENT DURING STORAGE, PREPARATION DISPLAY AND SERVICE",1
School,Risk 2 (Medium),2018_code,40,PERSONAL CLEANLINESS,1
Other,Risk 2 (Medium),2018_code,44,"UTENSILS, EQUIPMENT & LINENS: PROPERLY STORED, DRIED, & HANDLED",1
Mobile Food,Risk 1 (High),pre_2018_code,3,"POTENTIALLY HAZARDOUS FOOD MEETS TEMPERATURE REQUIREMENT DURING STORAGE, PREPARATION DISPLAY AND SERVICE",1
Unknown,Risk 1 (High),2018_code,52,SEWAGE & WASTE WATER PROPERLY DISPOSED,1
Social Service / Shelter,Risk 2 (Medium),pre_2018_code,22,"DISH MACHINES: PROVIDED WITH ACCURATE THERMOMETERS, CHEMICAL TEST KITS AND SUITABLE GAUGE COCK",1
Other,Risk 2 (Medium),2018_code,21,PROPER HOT HOLDING TEMPERATURES,1
Special Event / Venue,Risk 3 (Low),pre_2018_code,21,* CERTIFIED FOOD MANAGER ON SITE WHEN POTENTIALLY HAZARDOUS FOODS ARE PREPARED AND SERVED,1
Convenience / Gas Station,Risk 1 (High),2018_code,54,GARBAGE & REFUSE PROPERLY DISPOSED; FACILITIES MAINTAINED,1
Bar / Tavern / Liquor,Risk 3 (Low),2018_code,19,PROPER REHEATING PROCEDURES FOR HOT HOLDING,1
Catering / Banquet,Risk 1 (High),pre_2018_code,14,"PREVIOUS SERIOUS VIOLATION CORRECTED, 7-42-090",1
Unknown,Risk 3 (Low),2018_code,54,GARBAGE & REFUSE PROPERLY DISPOSED; FACILITIES MAINTAINED,1
Bar / Tavern / Liquor,Risk 2 (Medium),pre_2018_code,12,"HAND WASHING FACILITIES: WITH SOAP AND SANITARY HAND DRYING DEVICES, CONVENIENT AND ACCESSIBLE TO FOOD PREP AREA",1
Special Event / Venue,Risk 1 (High),pre_2018_code,8,"SANITIZING RINSE FOR EQUIPMENT AND UTENSILS: CLEAN, PROPER TEMPERATURE, CONCENTRATION, EXPOSURE TIME",1
Unknown,Risk 3 (Low),pre_2018_code,70,NO SMOKING REGULATIONS,1
Childcare / Daycare,Risk 3 (Low),2018_code,38,"INSECTS, RODENTS, & ANIMALS NOT PRESENT",1
Long Term Care / Health,Risk 1 (High),pre_2018_code,17,POTENTIALLY HAZARDOUS FOOD PROPERLY THAWED,1
Institutional Dining,Risk 1 (High),2018_code,48,"WAREWASHING FACILITIES: INSTALLED, MAINTAINED & USED; TEST STRIPS",1
Social Service / Shelter,Risk 1 (High),pre_2018_code,10,"SEWAGE AND WASTE WATER DISPOSAL, NO BACK SIPHONAGE, CROSS CONNECTION AND/OR BACK FLOW",1
Convenience / Gas Station,Risk 2 (Medium),2018_code,64,MISCELLANEOUS / PUBLIC HEALTH ORDERS,1
Unknown,Risk 3 (Low),pre_2018_code,2,FACILITIES TO MAINTAIN PROPER TEMPERATURE,1
Bar / Tavern / Liquor,Risk 2 (Medium),pre_2018_code,21,* CERTIFIED FOOD MANAGER ON SITE WHEN POTENTIALLY HAZARDOUS FOODS ARE PREPARED AND SERVED,1
Other,Risk 2 (Medium),2018_code,28,"TOXIC SUBSTANCES PROPERLY IDENTIFIED, STORED, & USED",1
Childcare / Daycare,Risk 2 (Medium),pre_2018_code,22,"DISH MACHINES: PROVIDED WITH ACCURATE THERMOMETERS, CHEMICAL TEST KITS AND SUITABLE GAUGE COCK",1
Bakery,Risk 1 (High),2018_code,11,FOOD OBTAINED FROM APPROVED SOURCE,1
Grocery Store,Risk 2 (Medium),2018_code,34,PLANT FOOD PROPERLY COOKED FOR HOT HOLDING,1
Institutional Dining,Risk 1 (High),pre_2018_code,37,TOILET ROOM DOORS SELF CLOSING: DRESSING ROOMS WITH LOCKERS PROVIDED: COMPLETE SEPARATION FROM LIVING/SLEEPING QUARTERS,1
Special Event / Venue,Risk 2 (Medium),2018_code,41,WIPING CLOTHS: PROPERLY USED & STORED,1
Bar / Tavern / Liquor,Risk 3 (Low),2018_code,13,"FOOD IN GOOD CONDITION, SAFE, & UNADULTERATED",1
Institutional Dining,Risk 1 (High),pre_2018_code,40,REFRIGERATION AND METAL STEM THERMOMETERS PROVIDED AND CONSPICUOUS,1
Wholesale / Warehouse / Commissary,Risk 2 (Medium),pre_2018_code,4,"SOURCE OF CROSS CONTAMINATION CONTROLLED I.E. CUTTING BOARDS, FOOD HANDLERS, UTENSILS, ETC",1
Mobile Food,Risk 3 (Low),2018_code,1,"PERSON IN CHARGE PRESENT, DEMONSTRATES KNOWLEDGE, AND PERFORMS DUTIES",1
Social Service / Shelter,Risk 2 (Medium),2018_code,22,PROPER COLD HOLDING TEMPERATURES,1
Catering / Banquet,Risk 3 (Low),pre_2018_code,19,"OUTSIDE GARBAGE WASTE GREASE AND STORAGE AREA; CLEAN, RODENT PROOF, ALL CONTAINERS COVERED",1
Bakery,Risk 3 (Low),2018_code,38,"INSECTS, RODENTS, & ANIMALS NOT PRESENT",1
Catering / Banquet,Risk 2 (Medium),pre_2018_code,19,"OUTSIDE GARBAGE WASTE GREASE AND STORAGE AREA; CLEAN, RODENT PROOF, ALL CONTAINERS COVERED",1
Other,Risk 2 (Medium),pre_2018_code,2,FACILITIES TO MAINTAIN PROPER TEMPERATURE,1
Mobile Food,Risk 3 (Low),pre_2018_code,42,APPROPRIATE METHOD OF HANDLING OF FOOD (ICE) HAIR RESTRAINTS AND CLEAN APPAREL WORN,1
Special Event / Venue,Risk 3 (Low),pre_2018_code,2,FACILITIES TO MAINTAIN PROPER TEMPERATURE,1
Special Event / Venue,Risk 3 (Low),2018_code,1,"PERSON IN CHARGE PRESENT, DEMONSTRATES KNOWLEDGE, AND PERFORMS DUTIES",1
Other,Risk 3 (Low),pre_2018_code,22,"DISH MACHINES: PROVIDED WITH ACCURATE THERMOMETERS, CHEMICAL TEST KITS AND SUITABLE GAUGE COCK",1
Special Event / Venue,Risk 1 (High),pre_2018_code,27,"TOILET ROOMS ENCLOSED CLEAN, PROVIDED WITH HAND CLEANSER, SANITARY HAND DRYING DEVICES AND PROPER WASTE RECEPTACLES",1
Other,Risk 1 (High),pre_2018_code,11,"ADEQUATE NUMBER, CONVENIENT, ACCESSIBLE, DESIGNED, AND MAINTAINED",1
Convenience / Gas Station,Risk 3 (Low),2018_code,23,PROPER DATE MARKING AND DISPOSITION,1
Catering / Banquet,Risk 1 (High),pre_2018_code,1,"SOURCE SOUND CONDITION, NO SPOILAGE, FOODS PROPERLY LABELED, SHELLFISH TAGS IN PLACE",1
Bar / Tavern / Liquor,Risk 1 (High),pre_2018_code,41,"PREMISES MAINTAINED FREE OF LITTER, UNNECESSARY ARTICLES, CLEANING EQUIPMENT PROPERLY STORED",1
School,Risk 3 (Low),pre_2018_code,44,ONLY AUTHORIZED PERSONNEL IN THE FOOD-PREP AREA,1
Grocery Store,Risk 2 (Medium),2018_code,19,PROPER REHEATING PROCEDURES FOR HOT HOLDING,1
Unknown,Risk 3 (Low),2018_code,51,PLUMBING INSTALLED; PROPER BACKFLOW DEVICES,1
Wholesale / Warehouse / Commissary,Risk 2 (Medium),pre_2018_code,1,"SOURCE SOUND CONDITION, NO SPOILAGE, FOODS PROPERLY LABELED, SHELLFISH TAGS IN PLACE",1
Bar / Tavern / Liquor,Risk 2 (Medium),pre_2018_code,70,NO SMOKING REGULATIONS,1
Institutional Dining,Risk 1 (High),2018_code,47,"FOOD & NON-FOOD CONTACT SURFACES CLEANABLE, PROPERLY DESIGNED, CONSTRUCTED & USED",1
Other,Risk 2 (Medium),pre_2018_code,22,"DISH MACHINES: PROVIDED WITH ACCURATE THERMOMETERS, CHEMICAL TEST KITS AND SUITABLE GAUGE COCK",1
Bakery,Risk 2 (Medium),pre_2018_code,20,"INSIDE CONTAINERS OR RECEPTACLES: ADEQUATE NUMBER, PROPERLY COVERED AND INSECT/RODENT PROOF",1
Catering / Banquet,Risk 1 (High),2018_code,9,NO BARE HAND CONTACT WITH RTE FOOD OR A PRE-APPROVED ALTERNATIVE PROCEDURE PROPERLY ALLOWED,1
Restaurant,Risk 1 (High),2018_code,30,PASTEURIZED EGGS USED WHERE REQUIRED,1
Other,Risk 1 (High),pre_2018_code,29,PREVIOUS MINOR VIOLATION(S) CORRECTED 7-42-090,1
Wholesale / Warehouse / Commissary,Risk 1 (High),pre_2018_code,43,"FOOD (ICE) DISPENSING UTENSILS, WASH CLOTHS PROPERLY STORED",1
Other,Risk 2 (Medium),pre_2018_code,12,"HAND WASHING FACILITIES: WITH SOAP AND SANITARY HAND DRYING DEVICES, CONVENIENT AND ACCESSIBLE TO FOOD PREP AREA",1
Unknown,Risk 3 (Low),pre_2018_code,40,REFRIGERATION AND METAL STEM THERMOMETERS PROVIDED AND CONSPICUOUS,1
Bar / Tavern / Liquor,Risk 1 (High),pre_2018_code,32,"FOOD AND NON-FOOD CONTACT SURFACES PROPERLY DESIGNED, CONSTRUCTED AND MAINTAINED",1
Catering / Banquet,Risk 2 (Medium),2018_code,2,CITY OF CHICAGO FOOD SERVICE SANITATION CERTIFICATE,1
Wholesale / Warehouse / Commissary,Risk 2 (Medium),2018_code,52,SEWAGE & WASTE WATER PROPERLY DISPOSED,1
Wholesale / Warehouse / Commissary,Risk 3 (Low),pre_2018_code,42,APPROPRIATE METHOD OF HANDLING OF FOOD (ICE) HAIR RESTRAINTS AND CLEAN APPAREL WORN,1
Convenience / Gas Station,Risk 2 (Medium),pre_2018_code,4,"SOURCE OF CROSS CONTAMINATION CONTROLLED I.E. CUTTING BOARDS, FOOD HANDLERS, UTENSILS, ETC",1
Special Event / Venue,Risk 2 (Medium),pre_2018_code,19,"OUTSIDE GARBAGE WASTE GREASE AND STORAGE AREA; CLEAN, RODENT PROOF, ALL CONTAINERS COVERED",1
Convenience / Gas Station,Risk 2 (Medium),2018_code,21,PROPER HOT HOLDING TEMPERATURES,1
Bar / Tavern / Liquor,Risk 3 (Low),2018_code,64,MISCELLANEOUS / PUBLIC HEALTH ORDERS,1
Social Service / Shelter,Risk 2 (Medium),pre_2018_code,35,"WALLS, CEILINGS, ATTACHED EQUIPMENT CONSTRUCTED PER CODE: GOOD REPAIR, SURFACES CLEAN AND DUST-LESS CLEANING METHODS",1
Wholesale / Warehouse / Commissary,Risk 1 (High),pre_2018_code,10,"SEWAGE AND WASTE WATER DISPOSAL, NO BACK SIPHONAGE, CROSS CONNECTION AND/OR BACK FLOW",1
Catering / Banquet,Risk 3 (Low),2018_code,43,IN-USE UTENSILS: PROPERLY STORED,1
Grocery Store,Risk 3 (Low),2018_code,6,"PROPER EATING, TASTING, DRINKING, OR TOBACCO USE",1
Childcare / Daycare,Risk 1 (High),2018_code,62,COMPLIANCE WITH CLEAN INDOOR AIR ORDINANCE,1
Other,Risk 3 (Low),2018_code,47,"FOOD & NON-FOOD CONTACT SURFACES CLEANABLE, PROPERLY DESIGNED, CONSTRUCTED & USED",1
Mobile Food,Risk 1 (High),2018_code,22,PROPER COLD HOLDING TEMPERATURES,1
Catering / Banquet,Risk 2 (Medium),pre_2018_code,1,"SOURCE SOUND CONDITION, NO SPOILAGE, FOODS PROPERLY LABELED, SHELLFISH TAGS IN PLACE",1
Other,Risk 2 (Medium),2018_code,56,ADEQUATE VENTILATION & LIGHTING; DESIGNATED AREAS USED,1
Mobile Food,Risk 1 (High),pre_2018_code,19,"OUTSIDE GARBAGE WASTE GREASE AND STORAGE AREA; CLEAN, RODENT PROOF, ALL CONTAINERS COVERED",1
Grocery Store,Risk 3 (Low),2018_code,25,CONSUMER ADVISORY PROVIDED FOR RAW/UNDERCOOKED FOOD,1
Social Service / Shelter,Risk 2 (Medium),2018_code,3,"MANAGEMENT, FOOD EMPLOYEE AND CONDITIONAL EMPLOYEE; KNOWLEDGE, RESPONSIBILITIES AND REPORTING",1
Other,Risk 1 (High),pre_2018_code,19,"OUTSIDE GARBAGE WASTE GREASE AND STORAGE AREA; CLEAN, RODENT PROOF, ALL CONTAINERS COVERED",1
Bakery,Risk 3 (Low),2018_code,55,"PHYSICAL FACILITIES INSTALLED, MAINTAINED & CLEAN",1
Unknown,Risk 2 (Medium),2018_code,16,FOOD-CONTACT SURFACES: CLEANED & SANITIZED,1
Unknown,Risk 2 (Medium),2018_code,52,SEWAGE & WASTE WATER PROPERLY DISPOSED,1
Bar / Tavern / Liquor,Risk 2 (Medium),pre_2018_code,42,APPROPRIATE METHOD OF HANDLING OF FOOD (ICE) HAIR RESTRAINTS AND CLEAN APPAREL WORN,1
Other,Risk 3 (Low),2018_code,16,FOOD-CONTACT SURFACES: CLEANED & SANITIZED,1
Bakery,Risk 2 (Medium),2018_code,4,PROPER USE OF RESTRICTION AND EXCLUSION,1
Unknown,Risk 1 (High),pre_2018_code,21,* CERTIFIED FOOD MANAGER ON SITE WHEN POTENTIALLY HAZARDOUS FOODS ARE PREPARED AND SERVED,1
Other,Risk 1 (High),pre_2018_code,43,"FOOD (ICE) DISPENSING UTENSILS, WASH CLOTHS PROPERLY STORED",1
Mobile Food,Risk 1 (High),2018_code,39,"CONTAMINATION PREVENTED DURING FOOD PREPARATION, STORAGE & DISPLAY",1
Special Event / Venue,Risk 1 (High),pre_2018_code,24,"DISH WASHING FACILITIES: PROPERLY DESIGNED, CONSTRUCTED, MAINTAINED, INSTALLED, LOCATED AND OPERATED",1
Restaurant,Risk 3 (Low),pre_2018_code,6,"HANDS WASHED AND CLEANED, GOOD HYGIENIC PRACTICES; NO BARE HAND CONTACT WITH READY-TO-EAT FOODS.",1
Institutional Dining,Risk 1 (High),2018_code,38,"INSECTS, RODENTS, & ANIMALS NOT PRESENT",1
Other,Risk 3 (Low),pre_2018_code,26,"ADEQUATE NUMBER, CONVENIENT, ACCESSIBLE, PROPERLY DESIGNED AND INSTALLED",1
Childcare / Daycare,Risk 2 (Medium),pre_2018_code,25,"TOXIC ITEMS PROPERLY STORED, LABELED AND USED",1
Convenience / Gas Station,Risk 1 (High),2018_code,57,ALL FOOD EMPLOYEES HAVE FOOD HANDLER TRAINING,1
Special Event / Venue,Risk 2 (Medium),2018_code,22,PROPER COLD HOLDING TEMPERATURES,1
Bakery,Risk 3 (Low),2018_code,5,PROCEDURES FOR RESPONDING TO VOMITING AND DIARRHEAL EVENTS,1
Mobile Food,Risk 1 (High),2018_code,56,ADEQUATE VENTILATION & LIGHTING; DESIGNATED AREAS USED,1
Wholesale / Warehouse / Commissary,Risk 2 (Medium),2018_code,51,PLUMBING INSTALLED; PROPER BACKFLOW DEVICES,1
Childcare / Daycare,Risk 2 (Medium),2018_code,44,"UTENSILS, EQUIPMENT & LINENS: PROPERLY STORED, DRIED, & HANDLED",1
Special Event / Venue,Risk 3 (Low),2018_code,2,CITY OF CHICAGO FOOD SERVICE SANITATION CERTIFICATE,1
Convenience / Gas Station,Risk 2 (Medium),pre_2018_code,12,"HAND WASHING FACILITIES: WITH SOAP AND SANITARY HAND DRYING DEVICES, CONVENIENT AND ACCESSIBLE TO FOOD PREP AREA",1
Catering / Banquet,Risk 2 (Medium),2018_code,58,ALLERGEN TRAINING AS REQUIRED,1
Convenience / Gas Station,Risk 3 (Low),2018_code,11,FOOD OBTAINED FROM APPROVED SOURCE,1
Catering / Banquet,Risk 1 (High),2018_code,15,FOOD SEPARATED AND PROTECTED,1
Other,Risk 2 (Medium),pre_2018_code,41,"PREMISES MAINTAINED FREE OF LITTER, UNNECESSARY ARTICLES, CLEANING EQUIPMENT PROPERLY STORED",1
Bar / Tavern / Liquor,Risk 2 (Medium),pre_2018_code,40,REFRIGERATION AND METAL STEM THERMOMETERS PROVIDED AND CONSPICUOUS,1
Catering / Banquet,Risk 2 (Medium),pre_2018_code,44,ONLY AUTHORIZED PERSONNEL IN THE FOOD-PREP AREA,1
Special Event / Venue,Risk 3 (Low),2018_code,58,ALLERGEN TRAINING AS REQUIRED,1
Institutional Dining,Risk 1 (High),pre_2018_code,41,"PREMISES MAINTAINED FREE OF LITTER, UNNECESSARY ARTICLES, CLEANING EQUIPMENT PROPERLY STORED",1
Wholesale / Warehouse / Commissary,Risk 2 (Medium),2018_code,36,THERMOMETERS PROVIDED & ACCURATE,1
Grocery Store,Risk 2 (Medium),2018_code,17,"PROPER DISPOSITION OF RETURNED, PREVIOUSLY SERVED, RECONDITIONED & UNSAFE FOOD",1
Mobile Food,Risk 3 (Low),pre_2018_code,39,LINEN: CLEAN AND SOILED PROPERLY STORED,1
Restaurant,Risk 1 (High),pre_2018_code,15,UNWRAPPED AND POTENTIALLY HAZARDOUS FOOD NOT RE-SERVED,1
Special Event / Venue,Risk 2 (Medium),pre_2018_code,6,"HANDS WASHED AND CLEANED, GOOD HYGIENIC PRACTICES; NO BARE HAND CONTACT WITH READY-TO-EAT FOODS.",1
Mobile Food,Risk 2 (Medium),2018_code,8,HANDS CLEAN & PROPERLY WASHED,1
Social Service / Shelter,Risk 2 (Medium),2018_code,38,"INSECTS, RODENTS, & ANIMALS NOT PRESENT",1
Mobile Food,Risk 2 (Medium),pre_2018_code,8,"SANITIZING RINSE FOR EQUIPMENT AND UTENSILS: CLEAN, PROPER TEMPERATURE, CONCENTRATION, EXPOSURE TIME",1
Special Event / Venue,Risk 1 (High),2018_code,61,SUMMARY REPORT DISPLAYED AND VISIBLE TO THE PUBLIC,1
Bar / Tavern / Liquor,Risk 3 (Low),pre_2018_code,39,LINEN: CLEAN AND SOILED PROPERLY STORED,1
Institutional Dining,Risk 1 (High),2018_code,55,"PHYSICAL FACILITIES INSTALLED, MAINTAINED & CLEAN",1
Convenience / Gas Station,Risk 1 (High),2018_code,38,"INSECTS, RODENTS, & ANIMALS NOT PRESENT",1
Grocery Store,Risk 3 (Low),2018_code,8,HANDS CLEAN & PROPERLY WASHED,1
Social Service / Shelter,Risk 1 (High),2018_code,33,PROPER COOLING METHODS USED; ADEQUATE EQUIPMENT FOR TEMPERATURE CONTROL,1
Unknown,Risk 2 (Medium),pre_2018_code,21,* CERTIFIED FOOD MANAGER ON SITE WHEN POTENTIALLY HAZARDOUS FOODS ARE PREPARED AND SERVED,1
Unknown,Risk 3 (Low),2018_code,33,PROPER COOLING METHODS USED; ADEQUATE EQUIPMENT FOR TEMPERATURE CONTROL,1
Unknown,Risk 2 (Medium),2018_code,36,THERMOMETERS PROVIDED & ACCURATE,1
Grocery Store,Risk 2 (Medium),2018_code,31,WATER & ICE FROM APPROVED SOURCE,1
Mobile Food,Risk 1 (High),pre_2018_code,41,"PREMISES MAINTAINED FREE OF LITTER, UNNECESSARY ARTICLES, CLEANING EQUIPMENT PROPERLY STORED",1
School,Risk 1 (High),2018_code,62,COMPLIANCE WITH CLEAN INDOOR AIR ORDINANCE,1
Bar / Tavern / Liquor,Risk 2 (Medium),pre_2018_code,36,"LIGHTING: REQUIRED MINIMUM FOOT-CANDLES OF LIGHT PROVIDED, FIXTURES SHIELDED",1
Bar / Tavern / Liquor,Risk 1 (High),2018_code,47,"FOOD & NON-FOOD CONTACT SURFACES CLEANABLE, PROPERLY DESIGNED, CONSTRUCTED & USED",1
Bar / Tavern / Liquor,Risk 1 (High),pre_2018_code,9,"WATER SOURCE: SAFE, HOT & COLD UNDER CITY PRESSURE",1
Unknown,Risk 2 (Medium),2018_code,25,CONSUMER ADVISORY PROVIDED FOR RAW/UNDERCOOKED FOOD,1
Mobile Food,Risk 3 (Low),pre_2018_code,43,"FOOD (ICE) DISPENSING UTENSILS, WASH CLOTHS PROPERLY STORED",1
Bakery,Risk 1 (High),pre_2018_code,17,POTENTIALLY HAZARDOUS FOOD PROPERLY THAWED,1
Mobile Food,Risk 1 (High),pre_2018_code,30,"FOOD IN ORIGINAL CONTAINER, PROPERLY LABELED: CUSTOMER ADVISORY POSTED AS NEEDED",1
Other,Risk 1 (High),2018_code,38,"INSECTS, RODENTS, & ANIMALS NOT PRESENT",1
Institutional Dining,Risk 1 (High),pre_2018_code,8,"SANITIZING RINSE FOR EQUIPMENT AND UTENSILS: CLEAN, PROPER TEMPERATURE, CONCENTRATION, EXPOSURE TIME",1
Institutional Dining,Risk 1 (High),2018_code,49,NON-FOOD/FOOD CONTACT SURFACES CLEAN,1
Bar / Tavern / Liquor,Risk 1 (High),pre_2018_code,11,"ADEQUATE NUMBER, CONVENIENT, ACCESSIBLE, DESIGNED, AND MAINTAINED",1
School,Risk 3 (Low),2018_code,22,PROPER COLD HOLDING TEMPERATURES,1
Restaurant,Risk 3 (Low),2018_code,13,"FOOD IN GOOD CONDITION, SAFE, & UNADULTERATED",1
Childcare / Daycare,Risk 1 (High),2018_code,15,FOOD SEPARATED AND PROTECTED,1
Long Term Care / Health,Risk 1 (High),pre_2018_code,1,"SOURCE SOUND CONDITION, NO SPOILAGE, FOODS PROPERLY LABELED, SHELLFISH TAGS IN PLACE",1
School,Risk 2 (Medium),2018_code,12,FOOD RECEIVED AT PROPER TEMPERATURE,1
Wholesale / Warehouse / Commissary,Risk 1 (High),2018_code,29,COMPLIANCE WITH VARIANCE/SPECIALIZED PROCESS/HACCP,1
Institutional Dining,Risk 1 (High),pre_2018_code,19,"OUTSIDE GARBAGE WASTE GREASE AND STORAGE AREA; CLEAN, RODENT PROOF, ALL CONTAINERS COVERED",1
Special Event / Venue,Risk 2 (Medium),2018_code,45,SINGLE-USE/SINGLE-SERVICE ARTICLES: PROPERLY STORED & USED,1
Bakery,Risk 1 (High),pre_2018_code,27,"TOILET ROOMS ENCLOSED CLEAN, PROVIDED WITH HAND CLEANSER, SANITARY HAND DRYING DEVICES AND PROPER WASTE RECEPTACLES",1
Wholesale / Warehouse / Commissary,Risk 3 (Low),pre_2018_code,70,NO SMOKING REGULATIONS,1
Bar / Tavern / Liquor,Risk 3 (Low),2018_code,44,"UTENSILS, EQUIPMENT & LINENS: PROPERLY STORED, DRIED, & HANDLED",1
Other,Risk 2 (Medium),2018_code,8,HANDS CLEAN & PROPERLY WASHED,1
Mobile Food,Risk 1 (High),pre_2018_code,33,"FOOD AND NON-FOOD CONTACT EQUIPMENT UTENSILS CLEAN, FREE OF ABRASIVE DETERGENTS",1
Mobile Food,Risk 3 (Low),2018_code,57,ALL FOOD EMPLOYEES HAVE FOOD HANDLER TRAINING,1
Institutional Dining,Risk 1 (High),pre_2018_code,21,* CERTIFIED FOOD MANAGER ON SITE WHEN POTENTIALLY HAZARDOUS FOODS ARE PREPARED AND SERVED,1
Catering / Banquet,Risk 3 (Low),2018_code,62,COMPLIANCE WITH CLEAN INDOOR AIR ORDINANCE,1
Unknown,Risk 1 (High),pre_2018_code,40,REFRIGERATION AND METAL STEM THERMOMETERS PROVIDED AND CONSPICUOUS,1
Mobile Food,Risk 1 (High),pre_2018_code,31,CLEAN MULTI-USE UTENSILS AND SINGLE SERVICE ARTICLES PROPERLY STORED: NO REUSE OF SINGLE SERVICE ARTICLES,1
Unknown,Risk 1 (High),pre_2018_code,42,APPROPRIATE METHOD OF HANDLING OF FOOD (ICE) HAIR RESTRAINTS AND CLEAN APPAREL WORN,1
Other,Risk 2 (Medium),2018_code,54,GARBAGE & REFUSE PROPERLY DISPOSED; FACILITIES MAINTAINED,1
Special Event / Venue,Risk 3 (Low),pre_2018_code,12,"HAND WASHING FACILITIES: WITH SOAP AND SANITARY HAND DRYING DEVICES, CONVENIENT AND ACCESSIBLE TO FOOD PREP AREA",1
Convenience / Gas Station,Risk 2 (Medium),2018_code,40,PERSONAL CLEANLINESS,1
School,Risk 3 (Low),2018_code,1,"PERSON IN CHARGE PRESENT, DEMONSTRATES KNOWLEDGE, AND PERFORMS DUTIES",1
School,Risk 3 (Low),pre_2018_code,24,"DISH WASHING FACILITIES: PROPERLY DESIGNED, CONSTRUCTED, MAINTAINED, INSTALLED, LOCATED AND OPERATED",1
Wholesale / Warehouse / Commissary,Risk 3 (Low),2018_code,52,SEWAGE & WASTE WATER PROPERLY DISPOSED,1
Restaurant,Risk 2 (Medium),2018_code,19,PROPER REHEATING PROCEDURES FOR HOT HOLDING,1
Convenience / Gas Station,Risk 1 (High),2018_code,49,NON-FOOD/FOOD CONTACT SURFACES CLEAN,1
Mobile Food,Risk 1 (High),2018_code,16,FOOD-CONTACT SURFACES: CLEANED & SANITIZED,1
Unknown,Risk 2 (Medium),2018_code,2,CITY OF CHICAGO FOOD SERVICE SANITATION CERTIFICATE,1
Convenience / Gas Station,Risk 3 (Low),2018_code,40,PERSONAL CLEANLINESS,1
Bakery,Risk 3 (Low),pre_2018_code,9,"WATER SOURCE: SAFE, HOT & COLD UNDER CITY PRESSURE",1
Catering / Banquet,Risk 3 (Low),2018_code,2,CITY OF CHICAGO FOOD SERVICE SANITATION CERTIFICATE,1
Long Term Care / Health,Risk 1 (High),2018_code,25,CONSUMER ADVISORY PROVIDED FOR RAW/UNDERCOOKED FOOD,1
Convenience / Gas Station,Risk 1 (High),2018_code,2,CITY OF CHICAGO FOOD SERVICE SANITATION CERTIFICATE,1
Special Event / Venue,Risk 1 (High),2018_code,25,CONSUMER ADVISORY PROVIDED FOR RAW/UNDERCOOKED FOOD,1
Other,Risk 3 (Low),pre_2018_code,2,FACILITIES TO MAINTAIN PROPER TEMPERATURE,1
Mobile Food,Risk 3 (Low),pre_2018_code,45,FOOD HANDLER REQUIREMENTS MET,1
Other,Risk 1 (High),2018_code,10,ADEQUATE HANDWASHING SINKS PROPERLY SUPPLIED AND ACCESSIBLE,1
Restaurant,Risk 3 (Low),pre_2018_code,14,"PREVIOUS SERIOUS VIOLATION CORRECTED, 7-42-090",1
Special Event / Venue,Risk 3 (Low),pre_2018_code,16,"FOOD PROTECTED DURING STORAGE, PREPARATION, DISPLAY, SERVICE AND TRANSPORTATION",1
Unknown,Risk 1 (High),2018_code,24,TIME AS A PUBLIC HEALTH CONTROL; PROCEDURES & RECORDS,1
Convenience / Gas Station,Risk 3 (Low),pre_2018_code,14,"PREVIOUS SERIOUS VIOLATION CORRECTED, 7-42-090",1
Convenience / Gas Station,Risk 1 (High),2018_code,3,"MANAGEMENT, FOOD EMPLOYEE AND CONDITIONAL EMPLOYEE; KNOWLEDGE, RESPONSIBILITIES AND REPORTING",1
Bar / Tavern / Liquor,Risk 3 (Low),2018_code,25,CONSUMER ADVISORY PROVIDED FOR RAW/UNDERCOOKED FOOD,1
Convenience / Gas Station,Risk 2 (Medium),pre_2018_code,30,"FOOD IN ORIGINAL CONTAINER, PROPERLY LABELED: CUSTOMER ADVISORY POSTED AS NEEDED",1
Mobile Food,Risk 2 (Medium),2018_code,63,REMOVAL OF SUSPENSION SIGN,1
Other,Unknown,pre_2018_code,16,"FOOD PROTECTED DURING STORAGE, PREPARATION, DISPLAY, SERVICE AND TRANSPORTATION",1
Other,Risk 2 (Medium),2018_code,59,PREVIOUS PRIORITY FOUNDATION VIOLATION CORRECTED,1
Mobile Food,Risk 2 (Medium),pre_2018_code,28,* INSPECTION REPORT SUMMARY DISPLAYED AND VISIBLE TO ALL CUSTOMERS,1
Other,Risk 3 (Low),pre_2018_code,21,* CERTIFIED FOOD MANAGER ON SITE WHEN POTENTIALLY HAZARDOUS FOODS ARE PREPARED AND SERVED,1
Other,Risk 2 (Medium),pre_2018_code,35,"WALLS, CEILINGS, ATTACHED EQUIPMENT CONSTRUCTED PER CODE: GOOD REPAIR, SURFACES CLEAN AND DUST-LESS CLEANING METHODS",1
Bar / Tavern / Liquor,Risk 3 (Low),2018_code,58,ALLERGEN TRAINING AS REQUIRED,1
Restaurant,Risk 3 (Low),2018_code,64,MISCELLANEOUS / PUBLIC HEALTH ORDERS,1
Bar / Tavern / Liquor,Risk 2 (Medium),pre_2018_code,26,"ADEQUATE NUMBER, CONVENIENT, ACCESSIBLE, PROPERLY DESIGNED AND INSTALLED",1
Institutional Dining,Risk 1 (High),2018_code,45,SINGLE-USE/SINGLE-SERVICE ARTICLES: PROPERLY STORED & USED,1
Catering / Banquet,Risk 1 (High),2018_code,32,VARIANCE OBTAINED FOR SPECIALIZED PROCESSING METHODS,1
Grocery Store,Risk 1 (High),pre_2018_code,17,POTENTIALLY HAZARDOUS FOOD PROPERLY THAWED,1
Wholesale / Warehouse / Commissary,Risk 2 (Medium),2018_code,39,"CONTAMINATION PREVENTED DURING FOOD PREPARATION, STORAGE & DISPLAY",1
Special Event / Venue,Risk 2 (Medium),pre_2018_code,8,"SANITIZING RINSE FOR EQUIPMENT AND UTENSILS: CLEAN, PROPER TEMPERATURE, CONCENTRATION, EXPOSURE TIME",1
Restaurant,Risk 1 (High),2018_code,18,PROPER COOKING TIME & TEMPERATURES,1
Unknown,Risk 3 (Low),pre_2018_code,36,"LIGHTING: REQUIRED MINIMUM FOOT-CANDLES OF LIGHT PROVIDED, FIXTURES SHIELDED",1
Unknown,Risk 2 (Medium),2018_code,45,SINGLE-USE/SINGLE-SERVICE ARTICLES: PROPERLY STORED & USED,1
Wholesale / Warehouse / Commissary,Risk 1 (High),2018_code,6,"PROPER EATING, TASTING, DRINKING, OR TOBACCO USE",1
Unknown,Risk 1 (High),pre_2018_code,11,"ADEQUATE NUMBER, CONVENIENT, ACCESSIBLE, DESIGNED, AND MAINTAINED",1
Long Term Care / Health,Risk 2 (Medium),pre_2018_code,19,"OUTSIDE GARBAGE WASTE GREASE AND STORAGE AREA; CLEAN, RODENT PROOF, ALL CONTAINERS COVERED",1
Convenience / Gas Station,Risk 3 (Low),2018_code,41,WIPING CLOTHS: PROPERLY USED & STORED,1
Unknown,Risk 1 (High),pre_2018_code,9,"WATER SOURCE: SAFE, HOT & COLD UNDER CITY PRESSURE",1
Unknown,Risk 1 (High),pre_2018_code,38,VENTILATION: ROOMS AND EQUIPMENT VENTED AS REQUIRED: PLUMBING: INSTALLED AND MAINTAINED,1
Wholesale / Warehouse / Commissary,Risk 3 (Low),pre_2018_code,4,"SOURCE OF CROSS CONTAMINATION CONTROLLED I.E. CUTTING BOARDS, FOOD HANDLERS, UTENSILS, ETC",1
Social Service / Shelter,Risk 1 (High),2018_code,56,ADEQUATE VENTILATION & LIGHTING; DESIGNATED AREAS USED,1
Bar / Tavern / Liquor,Risk 1 (High),pre_2018_code,1,"SOURCE SOUND CONDITION, NO SPOILAGE, FOODS PROPERLY LABELED, SHELLFISH TAGS IN PLACE",1
Wholesale / Warehouse / Commissary,Risk 1 (High),pre_2018_code,25,"TOXIC ITEMS PROPERLY STORED, LABELED AND USED",1
Convenience / Gas Station,Risk 1 (High),2018_code,55,"PHYSICAL FACILITIES INSTALLED, MAINTAINED & CLEAN",1
Wholesale / Warehouse / Commissary,Risk 3 (Low),pre_2018_code,29,PREVIOUS MINOR VIOLATION(S) CORRECTED 7-42-090,1
Wholesale / Warehouse / Commissary,Risk 2 (Medium),2018_code,2,CITY OF CHICAGO FOOD SERVICE SANITATION CERTIFICATE,1
Bakery,Risk 3 (Low),2018_code,56,ADEQUATE VENTILATION & LIGHTING; DESIGNATED AREAS USED,1
Other,Risk 3 (Low),2018_code,55,"PHYSICAL FACILITIES INSTALLED, MAINTAINED & CLEAN",1
Catering / Banquet,Risk 2 (Medium),pre_2018_code,11,"ADEQUATE NUMBER, CONVENIENT, ACCESSIBLE, DESIGNED, AND MAINTAINED",1
Unknown,Risk 3 (Low),2018_code,36,THERMOMETERS PROVIDED & ACCURATE,1
